"","Unnamed: 0","h_filename","h_script_name","h_ground_cnt","h_not_ground_cnt","h_per_ground","h_ng_tgi","h_ng_vari","h_l1_cnt","h_l1_per","h_l1_mean","h_l1_median","h_l1_std","h_l1_tgi","h_l1_vari","h_l1_skew","h_l1_kurt","h_l2_cnt","h_l2_per","h_l2_mean","h_l2_median","h_l2_std","h_l2_tgi","h_l2_vari","h_l2_skew","h_l2_kurt","h_l3_cnt","h_l3_per","h_l3_mean","h_l3_median","h_l3_std","h_l3_tgi","h_l3_vari","h_l3_skew","h_l3_kurt","h_l4_cnt","h_l4_per","h_l4_mean","h_l4_median","h_l4_std","h_l4_tgi","h_l4_vari","h_l4_skew","h_l4_kurt","h_l5_cnt","h_l5_per","h_l5_mean","h_l5_median","h_l5_std","h_l5_tgi","h_l5_vari","h_l5_skew","h_l5_kurt","h_GC_cnt","h_GC_per","h_GC_mean","h_GC_median","h_GC_std","h_GC_tgi","h_GC_vari","h_GC_skew","h_GC_kurt","h_US_cnt","h_US_per","h_US_mean","h_US_median","h_US_std","h_US_tgi","h_US_vari","h_US_skew","h_US_kurt","h_MS_cnt","h_MS_per","h_MS_mean","h_MS_median","h_MS_std","h_MS_tgi","h_MS_vari","h_MS_skew","h_MS_kurt","h_OS_cnt","h_OS_per","h_OS_mean","h_OS_median","h_OS_std","h_OS_tgi","h_OS_vari","h_OS_skew","h_OS_kurt","h_zmax","h_zmean","h_zsd","h_zskew","h_zkurt","h_pzabovezmean","h_pzabove2","h_zq5","h_zq10","h_zq15","h_zq20","h_zq25","h_zq30","h_zq35","h_zq40","h_zq45","h_zq50","h_zq55","h_zq60","h_zq65","h_zq70","h_zq75","h_zq80","h_zq85","h_zq90","h_zq95","h_zpcum1","h_zpcum2","h_zpcum3","h_zpcum4","h_zpcum5","h_zpcum6","h_zpcum7","h_zpcum8","h_zpcum9","fDim","fInt","per_gap","s_lng_na_per","s_lng_zero_per","s_lng_prop_mn","s_lng_prop_sd","s_lng_prop_sk","s_lng_prop_ku","s_l1_na_per","s_l1_zero_per","s_l1_prop_mn","s_l1_prop_sd","s_l1_prop_sk","s_l1_prop_ku","s_l2_na_per","s_l2_zero_per","s_l2_prop_mn","s_l2_prop_sd","s_l2_prop_sk","s_l2_prop_ku","s_l3_na_per","s_l3_zero_per","s_l3_prop_mn","s_l3_prop_sd","s_l3_prop_sk","s_l3_prop_ku","s_l4_na_per","s_l4_zero_per","s_l4_prop_mn","s_l4_prop_sd","s_l4_prop_sk","s_l4_prop_ku","s_l5_na_per","s_l5_zero_per","s_l5_prop_mn","s_l5_prop_sd","s_l5_prop_sk","s_l5_prop_ku","vox_l1_cnt","vox_l1_mean","vox_l1_median","vox_l1_std","vox_l1_tgi","vox_l1_vari","vox_l1_skew","vox_l1_kurt","TBA","Basalarea","MeanTH","MDBH","TreesN","MaxTH","SDHT","nonocarea","StemsPacre","CBH","LAI","ULAI","MLAI","OLAI","FHD","GiSimp","LAHV","GCvol","USvol","MSvol","OSvol","canopyCover","fuel0_3l1_cnt","fuel0_3l1_mean","fuel0_3l1_median","fuel0_3l1_std","fuel0_3l1_tgi","fuel0_3l1_vari","fuel0_3l1_skew","fuel0_3l1_kurt","shrubs_l1_cnt","shrubs_l1_mean","shrubs_l1_median","shrubs_l1_std","shrubs_l1_tgi","shrubs_l1_vari","shrubs_l1_skew","shrubs_l1_kurt","ShrubsN","shrubArea","scaledShrubArea","MeanSH","MeanSA","MaxSH","SDSHT","MeanSD","MaxSD","MinSD","SDSD","fine_l1_cnt","fine_l1_mean","fine_l1_median","fine_l1_std","fine_l1_tgi","fine_l1_vari","fine_l1_skew","fine_l1_kurt","hr0_10_l1_cnt","hr0_10_l1_mean","hr0_10_l1_median","hr0_10_l1_std","hr0_10_l1_tgi","hr0_10_l1_vari","hr0_10_l1_skew","hr0_10_l1_kurt","hr100_1000_l1_cnt","hr100_1000_l1_mean","hr100_1000_l1_median","hr100_1000_l1_std","hr100_1000_l1_tgi","hr100_1000_l1_vari","hr100_1000_l1_skew","hr100_1000_l1_kurt","x","y","crs","LF_EVC","LF_EVT","LF_FBFM13","LF_FBFM40","LF_CBD","LF_FDist","LF_ASP","LF_EVEL","LF_SLPD"
0,"25%","UTDSP_0001_20250625_2","IntELiMon_1.2.0",1397582,13508,99.0427258360558,-12.6344289601749,0.0111007441096019,8579,63.5105122890139,0.320497960135214,0.342,0.118206998372541,-11.5475109210172,0.0166593446808835,-0.593882028138439,-0.426767928438039,3794,28.0870595202843,0.658861096468108,0.617,0.135809395401087,-13.6910890087556,0.0019015560701762,0.825300878658796,-0.377858968248237,1123,8.31359194551377,1.17307569011576,1.146,0.126230120357655,-17.3457797042833,-0.0002367972224832,0.656433176221375,-0.540376031709451,10,0.0740302043233639,1.514,1.5095,0.0106978710239208,-14.5017395019531,-0.0022353712444383,1.20067443002946,0.167299274201138,0,0.0,"NA",0.0,0.0,"NA","NA","NA","NA",12373,91.5975718092982,0.424252081144427,0.399,0.199213935932086,-12.2048078793037,0.0121340840335851,0.51900683347574,0.175441006796371,1133,8.38762214983713,1.17608473080318,1.147,0.129660680653909,-17.3206778490112,-0.0002544368872842,0.691652639374265,-0.453300367312182,0,0.0,"NA",0.0,0.0,"NA","NA","NA","NA",0,0.0,"NA",0.0,0.0,"NA","NA","NA","NA",1.539,0.487250148060409,0.285013438945923,1.17043197971461,4.21753199065884,38.7696180041457,0.0,0.118,0.187,0.236,0.278,0.305,0.333,0.357,0.379,0.395,0.425,0.453,0.481,0.509,0.540900000000001,0.584,0.657,0.757,0.931,1.116,6.98259903739356,25.5016660496113,56.4383561643836,77.4601999259533,85.4720473898556,89.8926323583858,94.0096260644206,97.4305812661977,99.2225101814143,0.549232900930553,3.14651220451936,79.0819318181818,0.0736831282771856,99.209619932143,0.115518909146989,3.02397720523796,35.419907702677,1281.87049269175,2.25669957686883,91.4668547249647,2.85040550070522,16.3640250891846,6.33204220354185,38.4848910606401,1.54287764621457,88.1234302116972,2.21435235019734,13.6232174674644,7.64222316705729,57.4611754160175,1.16979794399149,90.5352711804325,1.72965969514357,11.9146566643882,8.78346320650533,76.7722077764531,0.501972032986734,93.5102187163858,0.852090354965938,7.88172286225178,13.3534318418925,181.633313769769,0.0082914920079229,99.6204339214151,0.0251269519554102,1.0528949174163,95.1583533203321,9870.91754889582,506654,0.101717777812866,0.06,0.122251150667528,-3.2635937113445,-0.0491178112323492,3.03560206118707,16.5835778613816,0.0,0.0,0.0,0.0,1,0.0,0.0,514,7.87326848249027,1.058,0.0,0.0,0.0,0.0,0,0,0.0,0.107266536964981,0.0002957198443579,0.0,0.0,0.0183519251529327,1389501,0.0975913950403778,0.056,0.113154732704428,-2.85215647377076,-0.0527938266867784,2.4532428631754,10.9734839080475,0,0.0,0.0,0.0,0.0,0.0,0.0,0.0,0,0.0,0.0,0.0,0.0,0.0,0.0,0.0,0.0,0,0.0,596333,0.0838835549936026,0.042,0.107032535949748,-1.65202990244535,-0.0613951927990158,2.60804741751292,12.0862832419526,15990,0.0954656035021889,0.04,0.130342764994402,-2.85210181564894,-0.0482698607133696,2.71604826754822,12.6209971087681,7114,0.0739768062974417,0.036,0.0959685231014173,3.44576814451478,-0.103097179660846,2.45949559101503,6.42641848215631,-12140416.83671159,4939491.37346053,"EPSG:3857",230,7126,5,122,0,0,73,2342,11
1,"25%","UTDSP_0002_20250625_2","IntELiMon_1.2.0",1152633,708780,61.9224750230067,-2.48278357749256,-0.0407008576204585,129194,18.227658793984,0.320027640602505,0.335,0.124603142893846,-1.31566477210916,-0.0609134898448384,-0.383380713735777,-0.914256422129886,311616,43.9651231693897,0.759099702839392,0.765,0.146534025411891,-1.68064543735225,-0.0544082733829494,-0.0703985331591118,-1.24804211620052,208091,29.3590394762832,1.20579756933265,1.179,0.14476711626906,-3.429792884204,-0.029873043621789,0.412574144422867,-1.06072659373994,52534,7.41189085470809,1.63204850192256,1.618,0.094089318256479,-4.39556093216305,0.0326653791140592,0.984860294060619,1.18404041073473,7333,1.03459465560541,2.55294477021683,2.47,0.458653993066929,-16.548702916783,0.0650174029173033,4.83139959500296,64.4798323171312,440810,62.1927819633737,0.630415063179148,0.651,0.244277734837757,-1.57367574050913,-0.0563148429607205,-0.412223053890418,-0.764427050731732,266850,37.649200033861,1.31824727749672,1.252,0.279215597990386,-3.97038737985555,-0.0152885458066831,1.86213481298091,6.052437992137,1097,0.154772990208527,3.18947037374658,3.167,0.143116011613807,-5.94181864068197,0.0511205442543449,0.875618487921023,0.0772217288698598,11,0.0015519625271593,9.20609090909091,9.206,0.0220746666813092,3.54361794211648,0.0157575577487229,0.0065752712669763,-1.69336950367713,9.237,0.893461533903327,0.43209799206506,0.806171450009448,6.77331849511459,48.2577104320099,1.03459465560541,0.233,0.356,0.453,0.523,0.581,0.638,0.7,0.762,0.822,0.875,0.929,0.979,1.03,1.084,1.15,1.231,1.345,1.461,1.609,54.5239831989921,98.727931746258,99.6984904771244,99.9985890990975,99.9985890990975,99.9985890990975,99.9985890990975,99.9985890990975,99.9985890990975,0.531192414182241,3.13632506125203,76.2493333333333,0.0730292894984746,99.303845056911,0.108280397901596,3.0019760005786,35.8740543252284,1308.51301866962,1.51142355008787,95.676625659051,1.83465729349736,13.4499517066416,7.86094765416617,60.2216806740254,1.07104605498036,89.9321670831846,1.67269189575152,11.4225044211464,9.14270209751844,83.6457279032769,0.96325365679629,88.3696039957189,1.56923653228684,10.8467581832415,9.6310260955126,93.2019862387879,0.776561948464525,91.6696081891987,1.17575008824568,9.73174552976834,10.8673087015693,118.434589072438,0.0215967834577829,99.7040781160253,0.0341106031016657,1.63535340967534,65.7634309010439,4412.90750166362,506066,0.37426739990436,0.163,0.478732753942109,-3.25768750146754,-0.0475807076993093,2.07413805187384,6.8778174202855,1.13714868651519,10.4351124022089,3.587,14.4394635982557,1,3.587,0.0,441,9.17655328798186,1.135,0.0562406406786044,0.056238938220489,0.0004584036780767,1.70245811540619e-06,0,1,0.165411682522771,0.0966326530612245,0.0092312925170068,0.0002585034013605,6.80272108843537e-06,0.196372239747634,1837251,0.407461186304974,0.182,0.470527655339121,-2.75863808706946,-0.0518605735674794,1.24965408140325,0.95071902511958,246849,0.703758115285053,0.747,0.565291799181058,0.262573917693767,-0.0622658308553019,0.3229732364845,-0.698620885888303,5,16.06,147.375543028634,1.9422,3.212,2.999,0.615668498463256,5.87993175705727,14.544108669836,0,4.89008097548846,500022,0.220597425713269,0.072,0.300350855361005,-3.13438225746876,-0.0555162881624648,1.7097890389581,2.29348558309409,18678,0.287778455937467,0.132,0.345149006610921,-1.36288281898323,-0.0613972446060839,1.39752715001446,1.25939446002824,12529,0.213503072870939,0.091,0.281454035984461,-5.78226142302982,-0.0491053368602444,1.86871854358283,2.83978162804727,-12140287.70610228,4939516.26218749,"EPSG:3857",236,7126,5,122,0,0,335,2328,7
2,"25%","UTDSP_0003_20250625_2","IntELiMon_1.2.0",1331104,122482,91.573804370708,-10.356826952901,0.0061154531841201,63766,52.0615274081089,0.313763322146599,0.342,0.128745069803209,-8.55087309945831,-0.0072788948330621,-0.601633127206603,-0.607127404323947,56010,45.7291683675969,0.666848616318515,0.659,0.108643926256286,-11.7112383768401,0.0155425373480103,0.473388977029529,-0.450828605537859,2350,1.91864927091328,1.1716770212766,1.146,0.126858062461783,-25.2102619576961,0.122593186671395,0.673365064572938,-0.431146276084881,335,0.273509576917425,1.62388358208955,1.61,0.0854936783687685,-23.8406663581507,0.165781604790795,0.597730421638752,-0.51085980373045,0,0.0,"NA",0.0,0.0,"NA","NA","NA","NA",119776,97.7906957757058,0.47887408996794,0.479,0.213027357231997,-10.0287322631151,0.0033929293759769,-0.0980976378640731,-0.681869825613465,2685,2.1921588478307,1.22809757914339,1.173,0.193216699995954,-25.0393813149223,0.127981685766367,1.0431405917004,0.296915697006118,0,0.0,"NA",0.0,0.0,"NA","NA","NA","NA",0,0.0,"NA",0.0,0.0,"NA","NA","NA","NA",1.877,0.495216154210415,0.239319598928866,0.544609087554923,4.37636823341786,48.6651099753433,0.0,0.112,0.188,0.245,0.294,0.334,0.367,0.395,0.422,0.453,0.486,0.519,0.551,0.585,0.622,0.659,0.693,0.732,0.778,0.847,9.97958517066797,31.4453699167075,61.8716315531602,87.2072513473787,97.260329903642,98.6485382982198,99.4210354401437,99.7305242528172,99.933039359791,0.545673148286596,3.18476007668468,78.0169621212121,0.0631783012826061,99.3630242500822,0.0911735585827289,2.78772832316581,38.7618655740652,1523.62048657285,1.33991537376587,95.7334273624824,1.6220557122708,12.674003913846,8.37848232189502,68.646380858544,1.23543946346629,94.7405577126721,1.55253088598659,12.1843568836116,8.71205933374071,74.535301070186,0.850460666194188,94.0822111977321,1.16866406803685,10.161587914015,10.4547775689973,108.904664819471,0.893176134333691,95.1768488745981,1.13266523758485,10.3846438650975,10.2941083025688,104.888205482362,0.0113152572099405,99.5756778546272,0.0264150436344607,1.20327081497498,86.6894319651966,7894.06914158756,477903,0.174556905899314,0.111,0.185858306247371,-3.63627370101185,-0.0459561554782112,2.08873330088758,6.5460340768715,0.0,0.0,0.0,0.0,1,0.0,0.0,531,7.62120527306968,1.0845,0.0,0.0,0.0,0.0,0,0,0.0,0.0889058380414313,0.0005856873822975,0.0,0.0,0.0243562978427279,1442556,0.17375668258286,0.105,0.185350518162305,-2.89014955268634,33.7964076868201,1.73764096838244,3.71742521373358,713,0.684646563814867,0.7,0.502047435723365,-19.9241246548475,0.123831291562807,0.24968118759579,-1.07367191642432,1,1.554,11.8433608074154,1.796,1.554,1.796,0.0,0.0,0.0,0,0.0,579049,0.153714208987495,0.085,0.174727640791631,-2.08006260293345,84.2685222974297,1.76154645128116,3.32995223350097,27165,0.173876863611265,0.109,0.185005340567406,-0.440023168419554,-0.0678208799391627,1.48912674781306,2.40432049513181,15632,0.117776036335722,0.069,0.132891400873141,-3.78719610958041,-0.0611879904792659,2.17551718876934,5.4100235416809,-12140412.38393196,4939557.25552233,"EPSG:3857",238,7080,5,122,0,0,65,2339,14
3,"25%","UTDSP_0004_20250625_2","IntELiMon_1.2.0",1279636,360132,78.0376248347327,-7.35429094835366,-0.003096339401421,83196,23.1015294392056,0.309077083032838,0.334,0.137277480006067,-8.9847339692669,0.0011976290524186,-0.406464846485931,-1.0233537747083,192192,53.3670987304655,0.732927525599401,0.721,0.136343749674377,-7.21610994367571,-0.0138534745496456,0.206133136778884,-0.949733288162354,65344,18.1444581431253,1.21171530668462,1.181,0.15627413420152,-5.14883709701105,0.0084894078614178,0.246315905646478,-1.37941697914204,13939,3.8705252518521,1.64869832843102,1.596,0.136142342049882,-7.34224943016923,0.0393714305677344,0.992817403601222,-0.184983589338112,5415,1.50361534104162,2.34355752539243,2.266,0.265781725701403,-13.8413979767212,0.0636816385315484,0.654048160130994,-0.678146242415818,275388,76.4686281696711,0.60488032884512,0.638,0.23778908329014,-7.75041951574524,-0.0093064659099178,-0.474179783677,-0.486875277177582,84670,23.5108238090478,1.3554248139837,1.303,0.343485008675488,-6.06451816452962,0.0170632621370464,1.77063055441608,3.81094655709316,28,0.0077749269712216,3.07414285714286,3.062,0.052078085449899,-9.20154026576451,0.129282338741017,0.413728191686935,-1.16819919085719,0,0.0,"NA",0.0,0.0,"NA","NA","NA","NA",3.177,0.781454241778015,0.415643834301891,1.08594654448061,5.42753783185175,42.948141237102,1.50361534104162,0.176,0.303,0.396,0.466,0.519,0.563,0.611,0.653,0.688,0.723,0.765,0.806,0.854,0.922,0.985,1.045,1.161,1.356,1.516,10.6913645389283,37.9801991196523,72.0938111834706,87.4749017593068,96.4444506158268,98.2107002513296,99.1593651498952,99.6112029104239,99.939181026702,0.54233354360729,3.17494021387347,77.1790227272727,0.0440055395208573,99.1626004685296,0.0835794192131636,2.35626971082645,44.8016089007282,2081.25240213061,1.10516934046346,97.7540106951872,1.30440998217469,11.5253024744938,9.27193894674229,84.4333938707962,0.56140350877193,94.9122807017544,0.925621052631579,8.34469096939941,12.5632146829856,160.905650488579,0.144456482484652,91.6576381365114,0.606818345973276,4.52478527855877,20.6456010238992,490.933024809237,0.423579244617014,90.3282739145782,0.885255912460289,7.2961584108562,14.2020436613839,208.916019966402,0.0179614243870088,99.4344454064808,0.0409321979256857,1.51658917672176,68.713896448825,4961.82928674745,539035,0.266181949224076,0.107,0.389442843225466,-4.17875732120682,-0.0383363010881765,2.73209781707539,9.33192583325998,0.0,0.0,0.0,0.0,1,0.0,0.0,506,7.99774703557312,1.17625,0.0413946293015178,0.0413946293015178,8.68900846863911e-05,0.0,0,1,0.465892646046935,0.102160079051383,0.0069347826086956,1.77865612648221e-05,0.0,0.101094890510949,1620910,0.270042618035548,0.111,0.359703099760363,-4.6303865281049,-0.0387250341278677,2.15411112998417,5.83600307292149,109442,0.659224593848797,0.698,0.492017482969739,-6.00520654387891,-0.0176211905528693,0.464012651140595,0.219123490185165,6,11.804,94.4054682871926,2.12283333333333,1.96733333333333,2.994,0.516578519362417,10.7856076156843,24.1527978710542,0,7.46075979083282,546339,0.160214198510449,0.061,0.235352740750337,-3.22206262465253,-0.0515937085115845,3.19772237219361,17.2296581995525,21298,0.178915531974833,0.076,0.238373642773571,-2.33435276965377,-0.0539595288132816,2.22094550370807,7.5311153616874,10887,0.182774042435933,0.115,0.192396940672456,-7.98204797790477,-0.0208567041888104,1.515918220447,1.64870103444679,-12140282.14012774,4939620.20990548,"EPSG:3857",236,7126,5,122,0,0,279,2328,11
4,"25%","UTDSP_0005_20250625_2","IntELiMon_1.2.0",1252929,163243,88.4729397276602,-9.00119772263696,0.0040016774358377,72869,44.6383612161012,0.319698362815463,0.341,0.125186310843734,-9.01826904457694,0.0018687973302416,-0.470695067674171,-0.804122390619052,78713,48.2183003252819,0.677744286204312,0.651,0.128555970404284,-9.05430659264239,0.0057582978806218,0.661048411026593,-0.502494818712919,11106,6.8033545083097,1.1962448226184,1.171,0.142177185346578,-8.85059040000197,0.0083717514758781,0.425996819643363,-1.02436351359467,546,0.334470697058986,1.54163003663004,1.536,0.0318695525627379,-2.17521639533969,-0.0532044951831181,0.912560530365311,0.382713331758827,0,0.0,"NA",0.0,0.0,"NA","NA","NA","NA",151582,92.8566615413831,0.50562326661477,0.511,0.219356550076057,-9.03698250343667,0.0038885243217186,0.0069069141576724,-0.596865692893433,11652,7.13782520536868,1.21242919670443,1.182,0.156980652060104,-8.53778966136949,0.005486355777645,0.503451254886773,-0.846974275418642,0,0.0,"NA",0.0,0.0,"NA","NA","NA","NA",0,0.0,"NA",0.0,0.0,"NA","NA","NA","NA",1.654,0.556045962154579,0.282080724974825,0.756004153459749,3.80652018794519,45.7544887070196,0.0,0.143,0.214,0.265,0.318,0.365,0.403,0.437,0.471,0.503,0.531,0.561,0.593,0.625,0.66,0.701,0.753,0.822,0.92,1.09189999999999,6.40066653189,21.2120098264444,44.0168348311922,70.188013453162,85.2793246463644,92.6093375726722,96.0651338883682,98.1106761500432,99.5932195083102,0.540354669990819,3.17042470941548,78.5244545454545,0.0189727955983114,99.2143537822699,0.0527260888875473,1.58148158083195,64.1383474257065,4431.07841669781,0.77437521999296,98.0288630763816,0.956656107004576,9.68428371112397,11.0609874946757,121.48030802318,0.425682866264633,93.8630720113515,0.85440227030862,7.34580581818372,14.0122443766164,204.524423776342,0.0,91.423487544484,0.386533807829182,1.55030887714551,4.30457255757907,17.9412637669873,0.178126113288208,90.0249376558604,0.602112575703598,4.88331523682619,20.1530311292987,445.83451173252,0.0023105040133454,99.5046279395387,0.0199860907658397,0.617112085656872,133.752890581601,23341.1449900307,480722,0.17200061574049,0.075,0.230589470079952,-3.1784567726871,-0.0487904907673835,2.22200489935618,5.55823909153764,0.0,0.0,0.0,0.0,1,0.0,0.0,583,6.94144082332762,1.047,0.0,0.0,0.0,0.0,0,0,0.0,0.0934528301886792,0.0007015437392795,0.0,0.0,0.0571527537235885,1394365,0.137228968742044,0.055,0.203934943497873,-2.2993047436639,-0.0592540447155896,2.69238930852213,8.67322845141059,13296,0.564427045728038,0.533,0.472729558303738,-0.624639485860703,-0.063858577162006,0.364002644641162,-1.12679484803234,1,2.232,15.4933061386013,1.654,2.232,1.654,0.0,0.0,0.0,0,0.0,577243,0.106471009609471,0.039,0.166138550974704,-1.09210435856725,-0.0690816466575658,2.65526803152523,7.77791799701989,19740,0.11923632218845,0.053,0.157775500938317,-2.81567509582581,-0.0525873681100674,2.12571947946827,5.31451815320109,11621,0.0774884261251183,0.045,0.102784618355613,-4.65747418004381,-0.0516558988203482,3.41815206041705,14.1009083491703,-12140493.64716025,4939580.68036194,"EPSG:3857",231,7126,5,122,0,0,56,2349,4
5,"25%","UTDSP_0006_20250625_2","IntELiMon_1.2.0",1294903,170182,88.3841551855353,-3.16658090224557,15569.6069684396,63610,37.3776310068045,0.25386124823141,0.244,0.12509137017319,-9.3470546012966,-0.0083032017446275,0.0732521145804247,-1.01962972239865,79608,46.7781551515436,0.71452852728369,0.71,0.110349919083497,1.21671302679639,-0.0748588241756557,0.517179053900397,0.296925708176077,21067,12.379100022329,1.19304409740352,1.177,0.13539177867829,-2.19146204123767,26350.2834553551,0.453076025980206,-0.78350102591865,5883,3.45688733238533,1.67756858745538,1.669,0.106538961585721,0.859052394495395,356034.662532911,0.3134905215943,-0.724386110855245,0,0.0,"NA",0.0,0.0,"NA","NA","NA","NA",143218,84.1557861583481,0.509924038877795,0.561,0.257119609394378,-3.47516410333386,-0.0452982721302585,-0.201794032663337,-1.15679786904882,26950,15.8359873547144,1.29881246753247,1.246,0.238471361454177,-1.52555568036874,98318.1202684632,0.749627015906002,-0.500328736529703,0,0.0,"NA",0.0,0.0,"NA","NA","NA","NA",0,0.0,"NA",0.0,0.0,"NA","NA","NA","NA",1.968,0.634810361847904,0.384214677251349,0.714390181083095,3.38700930219242,53.3799109188986,0.0,0.107,0.161,0.204,0.268,0.326,0.374,0.454,0.538,0.609449999999997,0.659,0.687,0.707,0.723,0.744,0.781,0.89,1.017,1.165,1.371,13.8875340107071,31.5072840209911,43.8962901150047,75.5528392696586,83.2223639130971,90.4487944195996,95.0572085069373,97.2403580012576,99.2642521758038,0.534682065120454,3.1565248301244,79.4146590909091,0.114025570659689,99.199693662646,0.156992915948689,3.7402619393791,28.9113829751191,845.237722700451,2.5130890052356,96.5794066317627,2.83662478184991,17.2273497422452,6.04519026838895,34.6295889770955,2.69784172661871,92.9496402877698,3.30138848920863,17.8472330964132,5.75999703608459,31.465651817844,1.89473684210526,92.2456140350877,2.44561754385965,15.0403854485598,6.92740966752253,46.5497084188034,1.13717128642502,92.1108742004264,1.6296908315565,11.7385797468202,8.95229185492495,79.6092051293259,0.0158959406309326,99.4804298262347,0.0365065264190533,1.4270503629618,73.0026544827353,5602.7685068494,461475,0.114518413781895,0.062,0.153434234258776,-0.735687880462062,451.028234742451,3.71927466727772,24.1418630049799,0.0,0.0,0.0,0.0,1,0.0,0.0,540,7.49418518518518,1.1675,0.0,0.0,0.0,0.0,0,0,0.0,0.0809555555555556,0.0004925925925925,0.0,0.0,0.0258442453480358,1438372,0.15887254826985,0.069,0.241348454371571,0.0403642453788151,1842.06017793701,3.00827020233078,11.1998235799771,82938,0.425875111529094,0.247,0.434613195871067,-0.695652906882438,12642.6519366417,1.05546743852574,0.526879591846624,3,6.275,47.0260430601176,1.87933333333333,2.09166666666667,1.964,0.109258104199795,6.088319116016,14.1983199358234,0,5.57330385716124,531496,0.0963664354952812,0.042,0.142027813659987,1.79527728337998,-0.0857184017434264,3.2418005961603,15.4220079594965,16117,0.106740150152013,0.044,0.147858304357879,0.31745802241519,-0.0725321090027068,2.89769916856615,13.9941723203744,9166,0.158590442941305,0.051,0.268009753941188,2.31547852361564,-0.0886444974137308,2.53895805870247,5.43632179353942,-12140364.51655092,4939621.6739657,"EPSG:3857",232,7080,5,122,0,0,65,2327,12
6,"25%","UTDSP_0007_20250625_2","IntELiMon_1.2.0",1263599,164932,88.4544332604613,-4.61276494502339,-0.0558170888842975,88257,53.5111439866127,0.296191984771746,0.299,0.131707508279336,-4.98813767419497,-0.0570654776005503,-0.19919218721624,-1.04025080647587,73255,44.4152741735988,0.652236134052283,0.627,0.113607678352655,-4.21165493699636,-0.0547100273538859,0.904255361108729,0.219128878172578,3223,1.95413867533286,1.13790909090909,1.102,0.121482236127291,-3.51947809279131,-0.0463834211656686,1.15519489850485,0.581788922066138,168,0.101860160551015,1.58191071428571,1.5675,0.0584494080183053,-2.91125342959449,-0.0632052049641635,0.673200940537342,-0.550278986647915,0,0.0,"NA",0.0,0.0,"NA","NA","NA","NA",161512,97.9264181602115,0.457678525434643,0.476,0.216221033157351,-4.63595800387026,-0.0559971451681651,0.0213972825392456,-0.699487018602384,3391,2.05599883588388,1.15990622235329,1.11,0.153233452314348,-3.48934487444361,-0.0472168212476937,1.38298774581037,1.30390387028413,0,0.0,"NA",0.0,0.0,"NA","NA","NA","NA",0,0.0,"NA",0.0,0.0,"NA","NA","NA","NA",1.733,0.472035845075546,0.237137290047063,0.450581712385287,3.56732591976076,51.6873620643659,0.0,0.104,0.161,0.211,0.246,0.285,0.325,0.368,0.414400000000009,0.452,0.482,0.509,0.536,0.565,0.593,0.622,0.656,0.699,0.756,0.858,11.1247892687778,32.5047604031485,56.884088731489,84.4143794496125,95.272343573759,98.3838886126305,99.4809038095354,99.7719857854968,99.942390025591,0.546806014549923,3.19180018725283,78.3031515151515,0.0336373633482114,99.3238027470513,0.0624817042930763,2.05611989046293,51.5509720691538,2746.74230822985,1.20695775647852,92.8292509762158,1.59395456159034,12.0582884096415,8.77205373689788,75.8458055283948,0.78125,94.6377840909091,1.09803622159091,9.75069289226806,10.8921436666725,118.567379761103,0.247963159759122,95.2886999645767,0.507538080056677,5.61433336359049,18.4599265473756,355.798371403863,0.282985496993279,95.2599929253626,0.516321188539087,5.94585924477326,17.705032135806,322.361300376159,0.0032640119369579,99.557959526252,0.0187163573626784,0.69357535708957,131.89817462683,20653.0076263688,507904,0.172512801631804,0.1,0.197947490959779,-0.164979254646644,-0.0800951405275364,2.06033414417742,5.3440106545275,0.0,0.0,0.0,0.0,1,0.0,0.0,536,7.55011194029851,1.037,0.0,0.0,0.0,0.0,0,0,0.0,0.0918041044776119,0.0008227611940298,0.0,0.0,0.0513456090651558,1414194,0.162627724343336,0.093,0.183899074613499,0.229899663850745,-0.0826078921513523,1.88258087222715,4.20199580924769,2053,0.795338528981978,0.865,0.430477164938296,0.890123280907513,-0.0672750841320192,-0.368038280204883,-0.709234640640117,2,2.268,17.1236651770789,1.566,1.134,1.711,0.205060966544099,12.3095185222656,24.6190370445312,0,14.2138076648495,572707,0.143518785347481,0.074,0.173205299832256,1.17885604646398,-0.0868579072440597,1.85973915292223,3.50444923386598,25568,0.168453222778473,0.098,0.186301784513075,2.40609901867462,-0.0901576393292004,1.55803298386144,2.61979951854443,12727,0.124597548518897,0.08,0.132369017168794,2.5998922314902,-0.0955295547050631,1.91849912304299,4.07691333986217,-12140383.44086436,4939645.09895898,"EPSG:3857",232,7080,5,122,0,0,65,2327,12
7,"25%","UTDSP_0008_20250625_2","IntELiMon_1.2.0",1214729,100681,92.3460365969546,-15.7987022409375,-0.0146958825046459,64274,63.8392546756588,0.187224492018546,0.161,0.118125623399941,-14.2572732029162,-0.0125110863129045,0.632372164780391,-0.402479658395927,9958,9.89064470952811,0.712827274553123,0.682,0.148979997185316,-17.2783457244058,-0.0140513653643486,0.388880832678494,-1.13972598242706,7699,7.64692444453273,1.23816768411482,1.228,0.144762507203319,-19.4703140585806,-0.0165932469432527,0.130422748828479,-1.19489208027677,6454,6.41034554682611,1.74267678958785,1.741,0.143779377856616,-18.3951816139186,-0.0205589022842645,0.0699621642389864,-1.16908659301975,12202,12.1194664335873,2.60896844779544,2.543,0.408867077138371,-19.0626206997476,-0.0223521335168575,0.560381912197133,-0.476885196073336,74232,73.7298993851869,0.257732527750835,0.192,0.217134068445222,-14.6625410142239,-0.0127177101246606,1.45786864355784,1.70379574380749,23993,23.830712845522,1.87242937523444,1.818,0.56122127904125,-19.2727912849093,-0.01787076860945,0.213337000024839,-1.13561611931788,2362,2.34602357942412,3.25542929720576,3.213,0.189972534955821,-16.4328816904041,-0.0442023477920859,0.636413783247301,-0.699419213479544,0,0.0,"NA",0.0,0.0,"NA","NA","NA","NA",3.746,0.712612339964839,0.857881545669775,1.46993570508572,4.06218581896201,30.568826292945,12.1194664335873,0.04,0.067,0.092,0.112,0.129,0.151,0.179,0.212,0.246,0.279,0.33,0.404,0.536,0.746,1.071,1.397,1.762,2.193,2.641,57.8818125782912,70.0306205634979,75.8773586781461,81.4268387250711,86.3410414968286,90.582188376116,94.8133935140079,97.6308830254708,99.3607460282743,0.542520683909623,3.1784884255175,78.6157272727273,0.0423494988642634,99.2030594304634,0.0794038559432601,2.3095585901623,45.7830362126155,2170.37821511196,0.993965211217607,92.6162584309549,1.42757898473553,10.9856911921367,9.60112189725866,91.8342206743829,0.670430486944248,89.0261115031757,1.25121030345801,9.12193906513487,11.3796572498338,132.444051539274,0.675195451314854,90.7604832977967,1.15524875621891,9.12712236494749,11.4682797871855,133.575611507748,0.284900284900285,92.8774928774929,0.580904558404558,5.97792090392657,17.5099201159079,316.836502141006,0.0116249331566343,99.5889423635814,0.0284238450628909,1.22577496329247,84.3148270766341,7530.56886944715,460444,0.19421362424095,0.062,0.454615298336937,-1.79074955676699,-0.0779328468251018,4.41971048856449,20.8129006846328,0.0,0.0,0.0,0.0,1,0.0,0.0,545,7.42543119266055,1.44775,0.0303977826876704,0.0303977826876704,0.0014037676667446,0.0,0,1,0.530820202063469,0.0770715596330275,0.0064201834862385,0.0005816513761467,0.0,0.039646017699115,1293864,0.129904025461718,0.058,0.276097450026396,-2.45141871551165,39.6549663328213,6.26371804027765,46.4292786961267,11849,1.44625487382902,1.448,0.826242139825027,-15.8714504726467,-0.0245785844957145,-0.0191556134331827,-1.08662764624656,2,8.079,59.9900981809724,2.304,4.0395,2.999,0.982878425849301,2.29463136187738,4.58926272375476,0,2.64961206894173,545244,0.0833516205588691,0.041,0.125303190456319,-0.365410965166965,-0.0803581134833978,6.5137798582284,85.9526014647317,17275,0.107052619392185,0.043,0.16547150750732,-0.849384048395668,-0.075912786696139,4.77236928920365,44.2465318184655,9948,0.0717636710896663,0.04,0.0797838359545036,1.661083005162,-0.102651217994888,2.16846899884893,6.58551608347897,-12140264.32900921,4939703.66168663,"EPSG:3857",112,7016,5,122,5,0,275,2332,13
8,"25%","UTDSP_0009_20250625_2","IntELiMon_1.2.0",1320782,2272,99.8282760945509,8.09311732439928,-0.123074687688093,1807,79.5334507042253,0.27059822910902,0.242,0.122736449575699,8.58938465213406,-0.119779833633119,0.310135726467895,-0.954270011209345,456,20.0704225352113,0.564767543859649,0.56,0.0454169295938677,6.37933162220737,-0.136590992923924,0.998984254702559,1.66580406684644,9,0.39612676056338,1.06844444444444,1.069,0.02277120501374,-4.71452501085069,-0.0997820309990603,-0.373620770613594,-1.03193820351485,0,0.0,"NA",0.0,0.0,"NA","NA","NA","NA",0,0.0,"NA",0.0,0.0,"NA","NA","NA","NA",2263,99.6038732394366,0.329874060980999,0.31,0.162394539140899,8.14405359528626,-0.123167323088094,0.251323731113494,-1.13384249189462,9,0.39612676056338,1.06844444444444,1.069,0.02277120501374,-4.71452501085069,-0.0997820309990603,-0.373620770613594,-1.03193820351485,0,0.0,"NA",0.0,0.0,"NA","NA","NA","NA",0,0.0,"NA",0.0,0.0,"NA","NA","NA","NA",1.101,0.332799735915493,0.168589754882298,0.505919314925023,3.03241742279008,44.762323943662,0.0,0.098,0.15,0.166,0.1772,0.188,0.2,0.218,0.2424,0.281,0.3105,0.331,0.364,0.416,0.456,0.482,0.502,0.52835,0.563,0.596,6.78115367679436,35.8872743284897,54.9977983267283,67.9876706296786,88.3751651254954,99.2514310876266,99.6477322765302,99.6477322765302,99.6477322765302,0.547419950350755,3.18316353390985,79.5452173913043,0.114980850772808,99.2609595130625,0.151354765080016,3.74834367343699,28.9606258886273,845.143312440305,2.24358974358974,93.2692307692308,2.66731481481481,16.304204439968,6.39752309833705,39.1388545540463,1.82584269662921,93.75,2.23774929775281,14.7536369120676,7.11321838307522,48.9689519558094,1.73943911963081,93.716719914803,2.15400070997515,14.4126771259221,7.28660434846874,51.5328794313314,1.23937677053824,94.6883852691218,1.54125,12.2018260929525,8.70500738284392,74.3700546297309,0.0325761700662227,99.518338056878,0.0517798688576467,2.0082876366524,53.5326992205996,2923.78811820884,471403,0.0580841954760576,0.038,0.0655586510996149,4.23554444207698,-0.118498384123252,2.58920699421726,10.3847884072466,0.0,0.0,0.0,0.0,1,0.0,0.0,636,6.36298742138365,1.03525,0.0,0.0,0.0,0.0,0,0,0.0,0.0983820754716981,3.14465408805031e-06,0.0,0.0,0.0033145508783559,1293985,0.0477399475264396,0.03,0.0555774843147779,5.48475995894736,125.002130192121,3.07307071528511,15.0805905415663,0,0.0,0.0,0.0,0.0,0.0,0.0,0.0,0,0.0,0.0,0.0,0.0,0.0,0.0,0.0,0.0,0,0.0,603621,0.0384499876578184,0.023,0.0480767702554663,6.23797297524528,187.209373344662,3.37621231273387,18.157935643927,14924,0.0529367461806486,0.022,0.084376982595243,5.83214859258263,-0.123852283358844,3.17636824028126,12.1884159253506,12900,0.0347374418604651,0.026,0.0314047643336651,8.66546436871669,-0.132236092282695,2.23308845929165,6.4422049671732,-12140253.19706013,4939703.66168663,"EPSG:3857",112,7016,5,122,5,0,275,2332,13
9,"25%","UTDSP_0010_20250625_2","IntELiMon_1.2.0",1352349,102023,92.9850822210549,-23.2856272950985,2393.1608107674,20218,19.8171000656715,0.295670788406371,0.31,0.131158923231617,-19.008673032911,0.0391406063092718,-0.311948785040467,-0.962925249333575,39915,39.1235309685071,0.749898634598522,0.749,0.140156497569979,-25.4902649575661,0.0455036352888011,0.027523051568154,-1.16657791959802,25364,24.8610607412054,1.22731662986911,1.214,0.140121205741484,-22.0344853999017,6180.87739751029,0.2216717013273,-1.04126781486892,11777,11.5434754908207,1.70795635560839,1.69,0.145130618866266,-26.3701936770874,7419.7337794884,0.351219916280857,-1.06590664374395,4744,4.64993187810592,2.20527487352445,2.189,0.125529246503727,-21.983594717505,0.180760065493213,0.227217230965738,-1.1201053621343,60133,58.9406310341786,0.597177523157002,0.627,0.254695850674943,-23.3110152023123,0.0433642489300942,-0.380997183924688,-0.835768992350763,41885,41.054468110132,1.47322633400979,1.388,0.363877555409455,-23.2478126288172,5829.17122017993,0.811633738068732,-0.237864967367087,0,0.0,"NA",0.0,0.0,"NA","NA","NA","NA",0,0.0,"NA",0.0,0.0,"NA","NA","NA","NA",2.494,0.956805436029131,0.527595482242749,0.574657844004248,2.8329137096305,44.2488458484851,4.64993187810592,0.192,0.312,0.411,0.504,0.575,0.633,0.695,0.757,0.818,0.879,0.946,1.017,1.109,1.19,1.283,1.402,1.53,1.707,1.979,7.12920395620338,19.7143613319349,39.3493241322525,58.7735377437094,73.1593753982179,83.6252781399179,90.7633041551898,95.2949018300871,98.1934383485105,0.536012696539246,3.13256864938769,78.6481818181818,0.0895942659669781,99.2567942318358,0.131152438243953,3.32544604145214,32.3598936032423,1064.64840981245,2.24039829302987,96.1593172119488,2.58067923186344,16.2940754849693,6.41610723693277,39.3199333335339,1.81623931623932,89.494301994302,2.56563034188034,14.760618389794,7.00274202560451,47.9743106196707,1.13234253361642,89.8796886058033,1.72680113234253,11.7290228381172,8.91307024880374,79.2324167399403,0.745209368346345,91.5897799858055,1.2459013484741,9.58126267874939,10.9136142037634,120.713780451517,0.0196454678362573,99.6271929824561,0.0360415296052631,1.57160812119245,67.4741107367384,4706.45546363606,496490,0.150024548329271,0.052,0.295209038637617,3.84734173067296,724.589045438025,3.8068889469496,16.4008796231597,0.0,0.0,0.0,0.0,1,0.0,0.0,533,7.59260787992495,1.127,0.0111045715334658,0.0111045715334658,0.0,0.0,0,1,0.612039961521653,0.0928930581613508,0.0027166979362101,0.0,0.0,0.0362266857962697,1415112,0.128753815245719,0.039,0.281592279417393,7.35144683325668,1131.31904945897,4.32746498406939,21.2891536468874,43697,0.805004508318649,0.743,0.60217554256643,-18.419133924081,5587.40276803315,0.534810379307458,-0.465691658800933,2,8.061,61.2040524963885,2.2225,4.0305,2.494,0.383958982184295,5.9207818951554,11.8415637903108,0,6.83673004196207,588879,0.0575034446804861,0.023,0.100678926556855,11.0905235576734,938.167589895996,6.03244549666391,60.5656800667561,12327,0.0614675103431492,0.019,0.118366295075864,8.63331914576647,3544.12864738388,5.05462066414976,39.1131596148754,7342,0.0301627621901389,0.02,0.0441017549163575,14.8167549118753,-0.153509670838067,5.9127036691025,49.8080870142952,-12140122.9532559,4939669.98807556,"EPSG:3857",115,7016,5,122,5,0,316,2348,5
10,"25%","UTDSP_0011_20250626_2","IntELiMon_1.2.0",1233191,14841,98.8108477987744,-14.7677980588377,56626.3166017104,11580,78.0270871235092,0.321340759930915,0.32,0.083277348626801,-10.021507144592,56371.3830436494,-0.774649474330253,1.81310049627376,3196,21.5349369988545,0.680542866082603,0.657,0.137480850995351,-31.7696200145201,58701.6462807252,0.493435188781745,-0.945501770053577,65,0.437975877636278,1.06349230769231,1.057,0.0461495947561173,-24.3712721604567,1.34657423473491,0.284433049009035,-1.27149466493756,0,0.0,"NA",0.0,0.0,"NA","NA","NA","NA",0,0.0,"NA",0.0,0.0,"NA","NA","NA","NA",14776,99.5620241223637,0.39903498917163,0.343,0.177186930058225,-14.7255521318883,56875.4112857782,1.18091885158522,1.3508220812213,65,0.437975877636278,1.06349230769231,1.057,0.0461495947561173,-24.3712721604567,1.34657423473491,0.284433049009035,-1.27149466493756,0,0.0,"NA",0.0,0.0,"NA","NA","NA","NA",0,0.0,"NA",0.0,0.0,"NA","NA","NA","NA",1.152,0.401945151943939,0.18218732165571,1.24929183441225,4.59200787615871,32.3765244929587,0.0,0.178,0.254,0.28,0.294,0.302,0.307,0.313,0.322,0.332,0.344,0.356,0.37,0.388,0.423,0.470000000000002,0.518,0.578000000000002,0.685,0.816,2.66172506738544,7.86388140161725,50.6536388140162,73.9959568733154,84.8180592991914,90.4514824797844,94.7169811320755,98.3962264150943,99.7304582210243,0.544493026286237,3.16389429923102,79.9831136363636,0.023831308381386,99.2642083537247,0.0548067749005256,1.75038538739534,59.3052284677129,3707.63964858623,0.746268656716418,98.6851457000711,0.871162046908316,9.48779139375961,11.3584859416441,127.617934092817,0.456460674157303,95.189606741573,0.836004213483146,7.57685938090176,13.6930239190559,193.728365198184,0.320627003918774,92.5543284645529,0.753444959030994,6.42598033786703,15.8236251126763,264.924723104802,0.321543408360129,90.9253304751697,0.715930689531976,6.38008105129316,16.2053449066984,273.849848920326,0.0018672218539645,99.4902484338677,0.0183341113424392,0.5592860894518,145.152365081014,27958.0771235099,451325,0.0688584811388689,0.044,0.081148073776971,5.60465607262513,1799.32678077554,3.54552781560814,21.8686095661143,0.0,0.0,0.0,0.0,1,0.0,0.0,610,6.63419672131148,1.00475,0.0,0.0,0.0,0.0,0,0,0.0,0.0712327868852459,1.31147540983607e-05,0.0,0.0,0.0068799449604403,1225238,0.0581356879234891,0.036,0.0710013666145581,7.44397175348256,1195.50807306364,3.83407057558387,26.1792969229888,0,0.0,0.0,0.0,0.0,0.0,0.0,0.0,0,0.0,0.0,0.0,0.0,0.0,0.0,0.0,0.0,0,0.0,554943,0.0471872120199732,0.027,0.0634905888088882,8.37568751034383,546.370780669663,4.15782377362207,29.9345991381657,13413,0.0676787445016029,0.028,0.10115027470366,5.94815084636145,-0.0649980249246498,2.8852014371458,10.6584483917565,7850,0.0691859872611465,0.03,0.100289314228518,13.5919294806802,-0.114574755491133,2.08454725192781,2.84114501421879,-12140450.23255884,4939421.09974845,"EPSG:3857",16,7903,8,101,0,0,180,2339,12
11,"25%","UTDSP_0012_20250626_2","IntELiMon_1.2.0",1523123,1762,99.8844503028097,-19.0238133407749,0.363769089935678,273,15.4937570942111,0.352076923076923,0.403,0.133300735079934,-4.41478575542296,0.0752704430002209,-0.670779391826775,-0.903090884695707,933,52.9511918274688,0.681060021436227,0.66,0.124469443303602,-6.40134821622957,0.19090207216398,0.574547283149797,-0.59959056400998,170,9.64812712826334,1.21828823529412,1.192,0.149031803850714,-46.3430068072151,0.793634068374114,0.476289599765521,-0.983131601733759,244,13.8479001135074,1.74689754098361,1.745,0.145250577278335,-47.97580281242,0.866302745045571,0.0834977734572538,-1.25213310073572,142,8.05902383654938,2.31047183098592,2.241,0.282732379630737,-47.590546943772,0.676091625238671,1.29616568418291,1.17838755524328,1206,68.4449489216799,0.60658872305141,0.61,0.186984469159205,-5.95165372883305,0.164726753124423,-0.504784224079819,0.392196078423342,546,30.9875141884222,1.70460622710623,1.7055,0.415755918909089,-48.3206014668112,0.81171451198437,0.167898709450194,-0.700354940805743,10,0.567536889897843,3.0724,3.069,0.0229017224000486,4.078369140625,-0.0895451344855955,0.200678356408638,-1.60340180295928,0,0.0,"NA",0.0,0.0,"NA","NA","NA","NA",3.11,0.9608314415437,0.600167296825132,1.13840219966675,3.49101325471183,32.5198637911464,8.05902383654938,0.3,0.451,0.49615,0.529,0.55725,0.5843,0.61335,0.647,0.679,0.719,0.766,0.8246,0.90365,1.0637,1.26975,1.5718,1.74485,1.9347,2.1428,5.33787620670074,36.1158432708688,66.5530948324815,74.389551391255,79.557069846678,88.4156729131175,95.34355479841,98.4667802385009,99.488926746167,0.564335598428919,3.18508225474035,74.8201818181818,0.0382794487759376,99.2520107710449,0.0717646385892042,2.19674818431697,48.1070618222041,2397.89566687487,0.785433773652267,92.1099607283113,1.19571581578008,9.79913661994532,10.7625973522516,116.392328178428,0.530597806862398,92.925362575168,0.952083480721613,8.13099586221505,12.8269823607864,168.68365333414,0.846859562455893,94.2836979534227,1.22464008468596,10.16346800313,10.3916695368387,108.12194245666,0.528913963328632,94.3582510578279,0.848377997179126,8.07717885465049,13.0723729536074,173.406792047553,0.0052569702646645,99.5426435869742,0.0209944754021582,0.851420865277949,114.293126487223,14640.8775963514,553064,0.0546045430546917,0.037,0.0796483195298465,4.97468005325714,55.6661561234684,12.0008446241615,275.413243079204,0.0,0.0,0.0,0.0,1,0.0,0.0,671,6.03108792846498,1.364,0.0061046795707179,0.0061046795707179,5.24778728892171e-05,0.0,0,1,0.532262364761395,0.0894187779433681,0.0001087928464977,4.47093889716841e-06,0.0,0.0095363367313383,1500370,0.0514945173523864,0.038,0.0604084480281848,7.51342735849116,20.439979657832,10.898384071867,297.230746163608,406,1.18561330049261,1.481,0.800105123167548,-35.9300998631369,0.628258906322215,-0.354589687502464,-1.34634736275572,1,1.824,11.0007116386896,2.475,1.824,2.475,0.0,0.0,0.0,0,0.0,684134,0.0426646928818039,0.03,0.0448187021385623,8.03394790523308,44.9612268714804,3.27354054413408,27.7575868937714,14755,0.0487766180955608,0.022,0.0816963366884165,5.08121229098717,-0.0937175727936295,5.08208281594394,41.686584011889,9543,0.0369735932096825,0.031,0.0297710986243022,21.3143433538183,-0.208901880300925,2.08224086325565,6.71427921807643,-12140489.19438061,4939306.90603887,"EPSG:3857",233,7080,5,122,0,0,183,2305,18
12,"25%","UTDSP_0013_20250626_2","IntELiMon_1.2.0",1239307,2769,99.7770667817428,11.2255986118282,-0.132564600058109,1656,59.8049837486457,0.297494565217391,0.2895,0.0893691281039408,10.8379041515111,-0.125889196466537,0.027043787986635,-0.0369984082133157,368,13.2899963885879,0.660752717391304,0.591,0.146742211239143,15.5151085231615,-0.161600505312334,0.758545483132279,-0.794474211067634,166,5.99494402311304,1.23470481927711,1.216,0.14987102609071,18.0242938305958,-0.17570966160726,0.21221701003031,-1.19952582287512,193,6.97002527988443,1.73880310880829,1.731,0.141701831140668,15.9197001877226,-0.187542120018814,0.159383325520879,-1.0810458175382,386,13.9400505597689,2.40313212435233,2.3345,0.281200285703324,3.52854516222069,-0.0874778478418218,0.602195548228304,-0.741231293246333,2024,73.0949801372337,0.363541501976285,0.316,0.173435856441144,11.6883049463566,-0.132382161711227,1.37565033463083,2.00564902580486,743,26.832791621524,1.96786810228802,2.024,0.529826733965257,10.0125672454629,-0.133527786267793,-0.0351901084325753,-0.915852854677215,2,0.0722282412423258,3.0165,3.0165,0.0035355339059326,-6.39205932617188,0.0406314697954611,0.0,-2.75,0,0.0,"NA",0.0,0.0,"NA","NA","NA","NA",3.019,0.795943300830625,0.778568845104452,1.31547560335435,3.33761335082013,29.8663777537017,13.9400505597689,0.184,0.221,0.24,0.256,0.274,0.29,0.3098,0.3322,0.3556,0.388,0.436,0.502,0.564,0.7906,1.136,1.5638,1.9028,2.2142,2.4372,33.0563583815029,66.6907514450867,71.856936416185,75.9754335260116,79.1907514450867,83.8511560693642,88.3670520231214,94.7615606936416,97.2904624277457,0.553362575440348,3.21718295039734,78.7232651515152,0.189215982069738,99.2547735011422,0.229115813973535,4.79287337972284,22.7392023281394,517.634230736197,1.70454545454545,96.2002840909091,1.9659765625,14.250304209329,7.42523018475379,53.3066097284014,2.16934919524143,94.7165850244926,2.54823652904129,16.0408342628253,6.51767724136258,40.6802737566124,2.24358974358974,94.9074074074074,2.62226851851852,16.305920182762,6.40377533579789,39.1918874981291,2.20483641536273,95.2347083926031,2.53698435277383,16.160490699005,6.47990169577983,40.1123399055588,0.0964042172119333,99.4357517874949,0.122115694512048,3.42656691415594,31.8012782507974,1016.32584246275,480905,0.0797624499641301,0.053,0.106798031375119,6.23370336960007,-0.101226283332487,10.4575021279483,208.244106655627,0.0,0.0,0.0,0.0,1,0.0,0.0,655,6.17841221374046,1.55225,0.0054399466053174,0.0054399466053174,1.71139893970887e-05,0.0,0,1,0.663403861262569,0.0909312977099237,0.0001312977099236,0.0,0.0,0.0059132720105124,1225051,0.0740663270345479,0.049,0.0879397243241651,7.15054937920257,-0.105818963094525,8.52382390761382,192.857041588406,220,2.14271818181818,2.289,0.642695119093236,4.41205388849432,-0.0922334868635901,-1.58476275990576,3.26009390502685,1,0.449,2.77410891404912,2.998,0.449,2.998,0.0,0.0,0.0,0,0.0,534553,0.0606884350101861,0.036,0.0686744446043655,8.13977145938698,-0.109247634925698,2.87189073354743,30.1324760827367,13163,0.0809466686925473,0.036,0.103716028067753,6.70763010675491,-0.0999780723454853,1.91607968564044,3.70995003169373,7160,0.0652490223463687,0.038,0.0712162659038349,17.5619732307988,-0.144810575315125,1.86843309104629,2.93297586875893,-12140547.08051582,4939150.25785386,"EPSG:3857",234,7080,5,122,0,0,148,2281,13
13,"25%","UTDSP_0014_20250626_2","IntELiMon_1.2.0",1291959,2319,99.8208267466495,9.32673116653528,-0.133147381057592,875,37.7317809400604,0.382834285714286,0.402,0.0970948189012666,4.30496512276786,-0.0925899129167564,-1.05332606892194,0.943386000012314,907,39.1116860715826,0.680889746416759,0.636,0.151405056527147,10.2462496016228,-0.148091143078391,0.572386854683478,-1.02161857223419,535,23.0702889176369,1.23944672897196,1.23,0.144077214991579,16.0157350914501,-0.174354987225938,0.0598728548030982,-1.25759099343324,1,0.043122035360069,1.512,1.512,0.0,4.078369140625,-0.0956521737512229,"NA","NA",0,0.0,"NA",0.0,0.0,"NA","NA","NA","NA",1782,76.843467011643,0.534538159371493,0.502,0.196219721382965,7.32895222844767,-0.120838855541112,0.454223141436532,-0.159872667240635,536,23.113410952997,1.2399552238806,1.2305,0.14442311232808,15.9934638863179,-0.174208153618709,0.0613293187853477,-1.25471697522084,0,0.0,"NA",0.0,0.0,"NA","NA","NA","NA",0,0.0,"NA",0.0,0.0,"NA","NA","NA","NA",1.512,0.697353600689953,0.350805673247804,0.684464943100938,2.35705895333195,38.2492453643812,0.0,0.27,0.3378,0.372,0.41,0.441,0.474,0.493,0.507,0.531,0.562,0.608,0.6688,0.769,0.8626,0.9605,1.0584,1.1613,1.266,1.3871,1.07898144151921,7.29391454466983,26.9313767803194,54.3375053949072,64.2641346568839,72.3780750971083,80.0172637030643,87.3974967630557,93.9577039274924,0.546973151742682,3.19352864652129,79.3952272727273,0.113456351414993,99.3672132551269,0.143664554523269,3.71861354243991,29.2689076131529,861.217168453576,1.56918687589158,95.756062767475,1.85087731811698,13.6895079969271,7.73605883059498,58.1254620516949,1.54984149348362,95.420922860162,1.86057062345896,13.6138007030609,7.76739403361746,58.7043484462146,2.19266714593817,95.4349388928828,2.54289719626168,16.1250174575846,6.48607107050593,40.2436042109554,1.19591980302497,96.2715441435104,1.44355258529722,11.9861259010753,8.8856045194893,77.4673297863791,0.0386520794347369,99.5305186449147,0.0561178699876029,2.17970420322642,49.6509637635691,2499.05022215018,483154,0.0626626065395298,0.041,0.0762702039410269,6.5062391784168,-0.0960183870175927,4.34485759642617,42.9150650399747,0.0,0.0,0.0,0.0,1,0.0,0.0,651,6.21637480798771,1.087,0.0,0.0,0.0,0.0,0,0,0.0,0.087310291858679,4.45468509984639e-05,0.0,0.0,0.0063060073016926,1275228,0.0593418557308968,0.041,0.0671950090036683,7.73622240391997,-0.101281176648498,4.82935484663815,55.7601892390705,0,0.0,0.0,0.0,0.0,0.0,0.0,0.0,0,0.0,0.0,0.0,0.0,0.0,0.0,0.0,0.0,0,0.0,553294,0.0485997335955207,0.031,0.0579216526249721,8.2133765955374,-0.103132430085871,4.57939364220714,56.6628217874522,14043,0.0692445346435947,0.028,0.101017797322426,5.83954350727453,-0.0910805387926649,2.62478759053553,10.142994933046,4060,0.0425268472906404,0.028,0.0449638821238834,18.2869227367082,-0.149134744281764,2.31992319303192,5.76407399162207,-12140657.28681171,4939331.79429831,"EPSG:3857",231,7080,5,122,0,0,158,2331,17
14,"25%","UTDSP_0015_20250626_2","IntELiMon_1.2.0",1254781,274106,82.0715330825627,-0.419958503085588,-5288.05713094651,25209,9.19680707463536,0.34527510016264,0.37,0.124495554207011,0.571337183160497,-0.0699940706479543,-0.731322271926103,-0.318186351304557,84219,30.7249750096678,0.75989792089671,0.767,0.144204317617816,1.1595008266789,-2075.12447494652,-0.0968101455078644,-1.18703092541781,81058,29.5717715044545,1.2284082015347,1.219,0.137219360191358,1.03892068200056,-15852.8706641275,0.182768044576892,-1.06431654912503,41144,15.0102515085405,1.70926983278242,1.685,0.138966020585223,-3.33209297941187,-0.0097069052089835,0.404676580899054,-0.95621728674602,42471,15.4943707908619,2.68262932353841,2.431,0.688127737644861,-4.104778453894,242.068118851195,1.51226670306163,1.56959959789381,109428,39.9217820843032,0.664380990240158,0.69,0.223729842779536,1.02400518306433,-1597.09281569661,-0.553229932876441,-0.369133923950327,155112,56.5883271435138,1.59598921424519,1.469,0.474736033639027,-0.93938126018795,-8284.346873555,0.851016585289553,-0.207895379685269,9561,3.48806666034308,3.79409904821671,3.704,0.551410699135843,-8.52500163041302,1075.21155243585,0.529913456846922,-0.656660997283553,0,0.0,"NA",0.0,0.0,"NA","NA","NA","NA",5.502,1.30071703282672,0.765503754779575,1.46831270927748,6.16588924179114,40.258148307589,15.4943707908619,0.388,0.514,0.604,0.69,0.774,0.851,0.925,1.002,1.078,1.149,1.223,1.305,1.393,1.513,1.637,1.785,2.026,2.301,2.68,12.0459686245896,46.5560014593214,75.5487048522437,88.331265961328,95.5530828164903,97.3060926669099,98.6355344764685,99.3564392557461,99.9306822327618,0.543463425169602,3.11955538669691,79.1342121212121,0.0525660650305304,99.3460781510202,0.0863611246614747,2.55934579168378,41.7248778729643,1785.3988796344,0.836528407110491,97.9783896828163,1.00150923666783,10.0439516477273,10.6937144298634,113.025708839466,0.427960057061341,95.114122681883,0.742810271041369,7.30905399009567,14.330008326397,210.718393255139,0.350140056022409,93.5924369747899,0.672149859943978,6.63014770830382,15.7404876077641,255.914990765414,0.786838340486409,93.5264663805436,1.1328791130186,9.78793105043108,10.8350038954889,117.430140533283,0.0266426104149236,99.5344554390656,0.0490456336500843,1.83096916490505,57.8519629527576,3462.25205233335,508021,0.420613789587438,0.101,0.73436273355796,-1.61788666113232,-354.193054034162,2.78105773173757,8.80925872841083,0.0,0.0,0.0,0.0,1,0.0,0.0,480,8.43095833333333,1.347,0.108267309877768,0.105970188615144,0.0121009628085526,0.0,0,1,0.358599301351787,0.0838354166666667,0.0151604166666667,0.0035729166666666,0.0,0.106592972759574,1505867,0.299444504063108,0.089,0.501491918563019,0.208035873682467,-867.068688873931,2.54796559611383,6.40699844481684,120312,1.00499349192101,1.009,0.711775788500561,2.99542945594466,-3375.10560902433,0.36178089043131,-0.606538857488304,5,27.605,232.736758328106,2.8308,5.521,2.998,0.275041269630578,8.51072244338973,21.6600827329907,0,7.727816774054,536226,0.122199415917915,0.055,0.211819591076236,0.763521109197023,-0.100255308835117,5.60161405630033,47.2220311890544,15852,0.218638657582639,0.091,0.301200218333643,0.988412183732238,-0.0890612218414371,2.38597619642485,8.40110407121717,9359,0.126203440538519,0.047,0.200378847387011,10.0135196881845,-0.148406981126226,2.78767750821254,7.93298696328397,-12141584.57817002,4937518.04458341,"EPSG:3857",117,7016,5,122,5,0,47,2326,16
15,"25%","UTDSP_0016_20250626_2","IntELiMon_1.2.0",1396589,261844,84.2113609654415,-13.9371884669533,-0.0061614179350268,115224,44.0048273017522,0.300588774908005,0.311,0.129356764044767,-14.2836158877982,-0.0060656870314225,-0.326632150606075,-0.87486304111718,131565,50.2455660622355,0.696066856686809,0.676,0.130508452495915,-14.0893359146753,-0.0089790085046424,0.464657442598013,-0.785163951879504,12693,4.84754281175051,1.13249255495155,1.103,0.108101777830845,-10.1258466974984,-0.0067432077414908,0.779648696635673,-0.39953029986951,154,0.0588136447655856,1.72458441558442,1.6725,0.161201157219394,-16.6440037318638,0.170166008654291,0.143740575810125,-1.5003077102847,2146,0.819571958876278,4.73076747437092,4.9235,1.23285647524924,-8.55718536234746,0.153203465949242,-0.042696134169251,-0.72426121657347,246789,94.2503933639877,0.511420999315204,0.522,0.236267028922612,-14.1800438296274,-0.0076187997699326,-0.0538706027531978,-0.821422093291298,13064,4.98923022868578,1.1649266687079,1.107,0.234953099629237,-10.2511733803221,-0.0009972890061658,4.98262277870803,31.0616385982075,1929,0.736698186706589,4.96316174183515,5.045,1.07087989947319,-8.05232734739502,0.146406039903392,0.125968574011045,-0.7138914387173,0,0.0,"NA",0.0,0.0,"NA","NA","NA","NA",7.706,0.576700699653229,0.476359058529105,6.85505346516973,73.3476826011782,44.916820702403,0.819571958876278,0.123,0.191,0.247,0.292,0.338,0.385,0.429,0.471,0.508,0.542,0.576,0.61,0.645,0.683,0.722,0.773,0.831,0.906,1.024,79.8090770529565,99.1324809669151,99.1970387461275,99.2768764730825,99.4189799870884,99.543893559884,99.7199949576172,99.8987703462054,99.9709680992891,0.536250612517007,3.17256594749721,76.200696969697,0.0527767149133802,99.3504066006078,0.0778800913037167,2.54834592995301,42.4031259565762,1824.1826573074,0.88809946714032,97.4067495559503,1.07048667850799,10.3470670221393,10.364523820109,106.090209938782,0.881523272214386,97.0380818053597,1.09128702397743,10.3169607518044,10.3731653967263,106.469017254442,0.355239786856128,97.335701598579,0.511374777975133,6.60774806293781,16.1829918686957,264.811693784857,0.463788797716732,97.0745629682483,0.631038173385658,7.51755506442426,14.2907804875665,204.782902776556,0.0226202966627843,99.440267978323,0.0403854113525013,1.67781911802662,63.7787737013927,4170.45690915804,452951,0.212461111687578,0.11,0.383629021822206,-5.23399414860759,147.463651484534,9.40301640866449,125.281576536732,0.0,0.0,0.0,0.0,1,0.0,0.0,512,7.9040234375,1.20825,0.0175345347890395,0.0132351324289678,0.0083185467193311,0.0,0,1,0.403980061210861,0.08478515625,0.000939453125,0.001087890625,0.0,0.0553621169916435,1644680,0.22885051012963,0.134,0.240384856151468,-6.49122685092106,156.217106795252,1.49602143572283,2.99648226642897,112,0.988892857142857,1.247,0.777155930150662,-15.464049748012,0.009152370439387,0.686454050207049,-0.0500412275727635,2,0.234,1.84954270451832,2.142,0.117,2.782,0.905096679918781,11.9200585778762,23.8401171557524,0,13.7640980573859,650828,0.202161107082055,0.106,0.226430475611535,-5.35947142595873,288.213819270951,1.50414675701797,2.46931502096728,24891,0.290367281346672,0.197,0.289652795736031,-6.09099124330519,-0.0460864284357748,1.24788266112279,2.5599742707212,14710,0.270599320190347,0.198,0.238666319578135,-12.8071411879674,-0.005831739634238,0.806755314030567,-0.256162594724432,-12141503.31494174,4937601.47850409,"EPSG:3857",228,7126,5,122,0,0,45,2277,23
16,"25%","UTDSP_0017_20250626_2","IntELiMon_1.2.0",1379977,50187,96.4908220315992,-0.833859964805844,3635.84321874753,5865,11.6862932631956,0.284787041773231,0.304,0.131617095619607,-6.13670324405238,10516.6138338699,-0.314897935131937,-0.938632899744934,3629,7.23095622372328,0.743938275006889,0.748,0.15089450867763,0.566019923866337,0.0538518597401497,-0.005859989380369,-1.30021642837042,3906,7.78289198397992,1.24701971326165,1.253,0.140090301480989,2.58413975994464,0.0527245638193545,0.0080714171417403,-1.103117073848,4946,9.85514176978102,1.77681520420542,1.791,0.138716105614504,2.66207493320439,24421.8305815266,-0.274240450719124,-0.985260422503369,31840,63.4427242114492,3.23077757537688,3.126,0.805459333111657,-0.978359787907433,0.0423387245507327,0.54858116355977,-0.501037121713606,9494,18.9172494869189,0.460293659153149,0.416,0.263038692922403,-3.57464485176493,6496.74905877882,0.368272776873877,-0.856859551313323,23012,45.8525116065913,2.14027355292891,2.199,0.555132169534667,3.27470523138658,5249.0410607043,-0.329352919303963,-0.969262111809999,17680,35.2282463586188,3.80514536199095,3.649,0.600033895493156,-4.70860972339751,0.0562881469995698,0.67496660805538,-0.624038617058173,0,0.0,"NA",0.0,0.0,"NA","NA","NA","NA",5.324,2.40893006156973,1.3113074720239,-0.0365545760022265,2.16997580031207,52.6032637934126,63.4427242114492,0.272,0.433,0.723,1.07,1.378,1.718,1.93,2.134,2.323,2.493,2.668,2.844,3.009,3.185,3.362,3.54,3.797,4.105,4.627,12.342579308146,19.9266698549338,28.1085604973697,39.8712737127371,54.8282321058505,70.2594452415112,83.7876614060258,92.003427387215,96.5407301131835,0.545168258285468,3.14894932967676,78.8902424242424,0.127900759277083,99.2672441450112,0.166019377606673,3.95205411710894,27.4744373009747,760.047586706209,2.74216524216524,92.5213675213675,3.25872507122507,17.9757240391891,5.73666018718699,31.0951803479353,2.7363184079602,94.4918265813788,3.16707533759773,17.9570263356851,5.75738819112237,31.281773116139,1.24333925399645,95.595026642984,1.53532504440497,12.224463848137,8.68635613131743,74.0613247504078,0.982800982800983,95.4720954720955,1.2536153036153,10.8918951957816,9.78455158986333,94.6619845050711,0.0388430456737374,99.4813032315519,0.0608937690070391,2.19303591739042,49.0124848705356,2450.50328932403,460943,0.316078380624068,0.064,0.810570405389951,-0.64299360018017,512.884459817578,3.63519661307922,12.8746211098295,1.69944147225132,11.4432716363059,4.7065,12.0519932935816,2,5.324,0.873276874765386,601,13.4670881863561,2.0645,0.0763441150610206,0.072980696969358,0.0151942659605427,0.0,0,1,0.431862510634871,0.0664209650582363,0.0076422628951747,0.0049018302828619,0.0,0.052757793764988,1392556,0.114954750114179,0.052,0.278709222488538,3.40788264809034,164.156402394086,7.28061364664968,59.1735366021237,10801,1.42565318026109,1.542,1.04581629755108,2.42750870145125,11183.23819723,-0.0662478484347858,-1.54119872343279,2,14.68,98.8484924982041,2.999,7.34,2.999,0.0,0.0,0.0,0,0.0,599549,0.0766218574295012,0.041,0.137775731953863,4.8290186653094,102.774364306484,10.5716687693716,168.518137254652,14754,0.111718923681713,0.039,0.250842510046115,0.0509897143888947,-0.0726019074579749,7.07231206452966,61.2644641257891,21789,0.059840883014365,0.044,0.0578707265421665,15.8160718045713,-0.172599066117525,2.31539216449808,6.88393681209736,-12141526.69203481,4937674.66673732,"EPSG:3857",227,7126,5,122,0,0,48,2284,24
17,"25%","UTDSP_0018_20250626_2","IntELiMon_1.2.0",1319690,28938,97.8542637406312,-3.45754624599494,-0.0579561516489275,17489,60.4361047757274,0.298032477557322,0.31,0.130464359433467,-2.61576228774605,-0.0614861205215759,-0.11909773440205,-1.32045403494113,11449,39.5638952242726,0.613774303432614,0.603,0.0839001201056634,-4.74341921706795,-0.0525639230164052,0.921092171897952,0.628368094386617,0,0.0,"NA",0.0,0.0,"NA","NA","NA","NA",0,0.0,"NA",0.0,0.0,"NA","NA","NA","NA",0,0.0,"NA",0.0,0.0,"NA","NA","NA","NA",28938,100.0,0.422952242725828,0.442,0.192118930124034,-3.45754624599494,-0.0579561516489275,-0.0894575493913723,-0.906076121699367,0,0.0,"NA",0.0,0.0,"NA","NA","NA","NA",0,0.0,"NA",0.0,0.0,"NA","NA","NA","NA",0,0.0,"NA",0.0,0.0,"NA","NA","NA","NA",0.927,0.422952242725828,0.192118930124034,-0.0894621866199509,2.09406860374273,53.714838620499,0.0,0.112,0.152,0.181,0.211,0.245,0.307,0.354,0.387,0.416,0.442,0.471,0.499,0.521,0.542,0.57,0.602,0.629,0.659,0.719,2.63676262224833,15.7963852507171,27.3974496319591,37.4088537166949,53.6925044061236,72.8859245948094,88.4231261015309,96.5200262639527,99.2259045512665,0.536229274057693,3.13952308867453,79.930946969697,0.0268983626155455,99.3843263667997,0.053677390431868,1.84597105697577,57.012566581032,3382.7010938887,0.844772967265047,91.7986624428018,1.28304470256952,10.1560205790048,10.3721090156476,107.934901052341,0.355113636363636,94.8863636363636,0.649051846590909,6.66207775846494,15.7397875030947,254.804304766947,0.539180445722502,95.0754852624011,0.803961179007908,8.129168300361,13.0829112109356,172.555359848505,0.316567006683081,95.1459725641927,0.540559268378473,6.26993550263199,16.8758069401432,291.094470067476,0.0023206702095565,99.6333341068901,0.0154359843122694,0.597305469373428,147.349340312278,26705.9731908012,435360,0.114337667677325,0.072,0.121454611725023,1.22916691691418,-0.08485343832456,1.81530500087163,3.79885364467606,0.0,0.0,0.0,0.0,1,0.0,0.0,503,8.04544731610338,0.0,0.0,0.0,0.0,0.0,0,0,0.0,0.0862644135188867,0.0,0.0,0.0,0.339927407932011,1333838,0.123682597136984,0.076,0.131415625344319,0.577676060914655,-0.0843180154656132,1.69341387994891,2.95776429413475,0,0.0,0.0,0.0,0.0,0.0,0.0,0.0,0,0.0,0.0,0.0,0.0,0.0,0.0,0.0,0.0,0,0.0,551240,0.109002358319425,0.06,0.126122508450175,1.60325014964044,-0.0883537596152199,1.83833626087346,3.57851550012554,19954,0.136446927934249,0.078,0.153556600784527,1.04396168927792,-0.0840069935978407,1.58065366975065,2.49427962879526,8810,0.10311293984109,0.058,0.119699549434125,2.56810307583933,-0.100730307585377,2.22777311230343,5.68098238561445,-12141522.23925517,4937800.55177411,"EPSG:3857",228,7126,5,122,0,0,50,2253,16
18,"25%","UTDSP_0019_20250626_2","IntELiMon_1.2.0",1215249,133143,90.1257942794084,-7.67390757389304,-0.0367923689403098,71587,53.7670023959202,0.309814938466481,0.334,0.129960484781439,-6.8607444581473,-0.0407048032617506,-0.435266958561281,-0.933266877704914,60965,45.7891139601781,0.657912457967686,0.639,0.108482878534715,-8.59394164528475,-0.0325471396770662,0.776966197660325,0.0920728467898835,571,0.42886220079163,1.03999299474606,1.032,0.03157008277276,-11.0348922275202,-0.0184658098322689,1.05300032411634,0.913014599850867,0,0.0,"NA",0.0,0.0,"NA","NA","NA","NA",7,0.0052575050885138,2.90714285714286,2.907,0.0008997354108423,-54.4305419921875,1.57949112714129,-0.216149980063614,-1.90304357036945,132552,99.5561163560983,0.469916372442513,0.476,0.211264968687081,-7.6578985298613,-0.0369528269774224,-0.0581781526839515,-0.656319984871795,578,0.434119705880144,1.06260553633218,1.033,0.206800752499744,-11.5604450793415,0.0008866098196599,8.58849669026755,73.6522534328208,0,0.0,"NA",0.0,0.0,"NA","NA","NA","NA",0,0.0,"NA",0.0,0.0,"NA","NA","NA","NA",2.908,0.472443470554216,0.214849411155356,0.0662351175814171,3.26701547730258,50.7972630930653,0.0052575050885138,0.109,0.165,0.225,0.276,0.319,0.356,0.389,0.418,0.447,0.477,0.508,0.541,0.571,0.6,0.63,0.66,0.696,0.741,0.814,21.6657777911318,66.7708278561073,97.2920594620175,99.9962441878807,99.9969953503046,99.9969953503046,99.9969953503046,99.9969953503046,99.9969953503046,0.536462436295674,3.12267168349455,78.7157424242424,0.0611069328592917,99.4449097497607,0.0887255999589773,2.744517277009,39.3009386662015,1568.94968708329,1.42551674982181,93.0149679258731,1.83200641482537,13.0789045260717,8.06459704682262,63.695235885264,1.37372314195139,93.5892920042268,1.78356463543501,12.8525008154591,8.20158502082859,66.0458843498196,1.23937677053824,94.7946175637394,1.59794617563739,12.2201357628126,8.6540610648139,73.7480109668528,0.680515759312321,96.2750716332378,0.920465616045845,9.10048802331623,11.7272984718933,137.468156469158,0.004629415304847,99.6898291745753,0.0160942548956067,0.790909585245645,125.408131456042,17317.1804484429,473871,0.162204488141287,0.085,0.185076691023265,2.89378170954312,-0.0819305639048862,1.63763547499448,2.39362068453904,0.0,0.0,0.0,0.0,1,0.0,0.0,438,9.23940639269406,1.01925,0.0005314105293662,0.0005314105293662,0.0,0.0,0,1,0.921768609411283,0.109422374429224,9.58904109589041e-05,0.0,0.0,0.0248129184718393,1328413,0.144442022172321,0.063,0.181679472371144,4.20868352272973,-0.0883833328142666,1.76310366029927,2.86331355340731,0,0.0,0.0,0.0,0.0,0.0,0.0,0.0,0,0.0,0.0,0.0,0.0,0.0,0.0,0.0,0.0,0,0.0,551883,0.119150493854676,0.043,0.167520462962593,5.77852666601262,-0.0950603483312127,2.00151360134384,3.72056851947789,16431,0.177125920516098,0.098,0.197886001671067,7.27714703411116,-0.100627135674128,1.30026509435173,1.12854054564135,8208,0.0790286306042885,0.03,0.128092654239658,10.1957986322295,-0.127913002992859,2.85583245707358,7.92504096941489,-12141503.31494174,4938097.70541117,"EPSG:3857",234,7080,5,122,0,0,62,2201,10
19,"25%","UTDSP_0020_20250626_2","IntELiMon_1.2.0",1312323,28602,97.8669947983668,-6.21538988469106,16802.603557166,7114,24.8723865463954,0.282088276637616,0.292,0.133133220716521,-6.28062100500279,-0.0269643572638198,-0.174498225928332,-1.04019642088145,7621,26.6449898608489,0.720688885972969,0.7,0.140366457653547,-2.26876341315834,-0.045455257137058,0.303488625473943,-1.0733772263567,4852,16.9638486819104,1.25687366034625,1.263,0.145362688417774,2.24599324074641,-0.0700930309257283,-0.042034755273909,-1.20357502851074,4972,17.3833997622544,1.7335520917136,1.7335,0.143921390446633,-2.70817567145546,-0.0479987437960331,0.109588098779101,-1.21595392753402,4043,14.135375148591,2.37427875340094,2.299,0.287336323843214,-28.0075457448155,118869.449399494,0.914122526236292,0.252498651205852,14735,51.5173764072443,0.508934238208347,0.515,0.258428543087842,-4.20567246700166,-0.0365279234622554,0.0092901814195156,-0.997096889592055,13725,47.9861548143486,1.7391229143898,1.679,0.468713111179871,-7.78293063471226,35015.5797379246,0.469199948060163,-0.558315672950394,142,0.496468778407104,3.1501338028169,3.1415,0.0847650259801037,-63.2484135157625,-1.59663380057568,0.141514132100952,-1.12732531773281,0,0.0,"NA",0.0,0.0,"NA","NA","NA","NA",3.313,1.11236721208307,0.732515667484855,0.52505893065288,2.33258474356699,44.7765890497168,14.135375148591,0.149,0.248,0.33,0.42,0.503,0.582,0.649,0.732,0.838,0.957,1.106,1.263,1.406,1.539,1.662,1.813,1.967,2.17190000000001,2.431,15.1288416488934,35.9113317716164,51.2569490577253,62.3090101744694,74.7910912205867,85.5354707877347,93.2449914338659,97.5035837907765,99.4685500506975,0.550990483193337,3.17447759247198,76.2393560606061,0.0808463060118689,99.1863765373699,0.122578223101402,3.16293512242601,33.9497180911268,1174.57039371539,2.57586450247001,89.2025405786874,3.25235356386733,17.4437573471245,5.89829150636931,33.1254545255271,1.75,90.4285714285714,2.36130714285714,14.4795982183359,7.18876606743322,50.4446696805827,0.813295615275813,92.2206506364922,1.25820014144272,9.98383603320877,10.5217570839553,111.469399217445,0.495049504950495,94.4130127298444,0.781085572842999,7.8113989242856,13.5524070048919,186.223393533312,0.0134388047805072,99.564397362287,0.0320140597702428,1.31768802968461,78.4662556388629,6518.00792199411,538528,0.103048211049379,0.045,0.24097317713611,3.9800321346752,892.32673884665,6.65883728025481,52.9502742957573,0.0,0.0,0.0,0.0,1,0.0,0.0,534,7.57838951310861,1.303,0.0120945314771831,0.0120945314771831,3.47713303620913e-05,0.0,0,1,0.461124839800217,0.118831460674157,0.0029550561797752,2.99625468164794e-05,0.0,0.0477031802120141,1312893,0.0807685934801998,0.037,0.197396846160152,5.2112695295801,365.96262011131,8.06168022411259,78.0744810574843,11014,0.718903304884692,0.2845,0.807556888081259,0.586823490628405,43634.3948486469,0.820082162062585,-0.672931183244402,3,16.062,121.724172660987,2.35133333333333,5.354,2.989,0.55436119392805,9.31128490804655,22.5811863976452,0,9.62051764433796,582246,0.0485104388866562,0.025,0.0676622748533733,5.95486086214677,-0.0934983245865991,3.8760191847752,24.6222610815807,12559,0.0789606656580938,0.025,0.11696103805024,6.20809282141417,-0.0919094230109544,2.41230289302093,8.4108730708829,6235,0.0273770649558941,0.021,0.0238729678684701,14.9806415768939,-0.13014520651458,2.25486194787172,7.18912948932779,-12141481.05104358,4938223.59586998,"EPSG:3857",224,7080,5,121,0,0,161,2200,11
