"","h_ng_tgi","h_ng_vari","h_l1_cnt","h_l1_per","h_l1_mean","h_l1_median","h_l1_std","h_l1_tgi","h_l1_vari","h_l1_skew","h_l1_kurt","h_l2_cnt","h_l2_per","h_l2_mean","h_l2_median","h_l2_std","h_l2_tgi","h_l2_vari","h_l2_skew","h_l2_kurt","h_l3_cnt","h_l3_per","h_l3_median","h_l3_std","h_l4_cnt","h_l4_per","h_l4_median","h_l4_std","h_l5_cnt","h_l5_per","h_l5_median","h_l5_std","h_GC_cnt","h_GC_per","h_GC_mean","h_GC_median","h_GC_std","h_GC_tgi","h_GC_vari","h_GC_skew","h_GC_kurt","h_US_cnt","h_US_per","h_US_median","h_US_std","h_MS_cnt","h_MS_per","h_MS_median","h_MS_std","h_OS_cnt","h_OS_per","h_OS_median","h_OS_std","h_zmax","h_zmean","h_zsd","h_zskew","h_zkurt","h_pzabovezmean","h_pzabove2","h_zq5","h_zq10","h_zq15","h_zq20","h_zq25","h_zq30","h_zq35","h_zq40","h_zq45","h_zq50","h_zq55","h_zq60","h_zq65","h_zq70","h_zq75","h_zq80","h_zq85","h_zq90","h_zq95","h_zpcum1","h_zpcum2","h_zpcum3","h_zpcum4","h_zpcum5","h_zpcum6","h_zpcum7","h_zpcum8","h_zpcum9","fDim","fInt","per_gap","s_lng_na_per","s_lng_zero_per","s_lng_prop_mn","s_lng_prop_sd","s_lng_prop_sk","s_lng_prop_ku","s_l1_na_per","s_l1_zero_per","s_l1_prop_mn","s_l1_prop_sd","s_l1_prop_sk","s_l1_prop_ku","s_l2_na_per","s_l2_zero_per","s_l2_prop_mn","s_l2_prop_sd","s_l2_prop_sk","s_l2_prop_ku","s_l3_na_per","s_l3_zero_per","s_l3_prop_mn","s_l3_prop_sd","s_l3_prop_sk","s_l3_prop_ku","s_l4_na_per","s_l4_zero_per","s_l4_prop_mn","s_l4_prop_sd","s_l4_prop_sk","s_l4_prop_ku","s_l5_na_per","s_l5_zero_per","s_l5_prop_mn","s_l5_prop_sd","s_l5_prop_sk","s_l5_prop_ku","vox_l1_cnt","vox_l1_mean","vox_l1_median","vox_l1_std","vox_l1_tgi","vox_l1_vari","vox_l1_skew","vox_l1_kurt","TBA","Basalarea","MeanTH","MDBH","TreesN","MaxTH","SDHT","nonocarea","StemsPacre","CBH","LAI","ULAI","MLAI","OLAI","FHD","GiSimp","LAHV","GCvol","USvol","MSvol","OSvol","canopyCover","fuel0_3l1_cnt","fuel0_3l1_mean","fuel0_3l1_median","fuel0_3l1_std","fuel0_3l1_tgi","fuel0_3l1_vari","fuel0_3l1_skew","fuel0_3l1_kurt","shrubs_l1_cnt","shrubs_l1_mean","shrubs_l1_median","shrubs_l1_std","shrubs_l1_tgi","shrubs_l1_vari","shrubs_l1_skew","shrubs_l1_kurt","ShrubsN","shrubArea","scaledShrubArea","MeanSH","MeanSA","MaxSH","SDSHT","MeanSD","MaxSD","MinSD","SDSD","fine_l1_cnt","fine_l1_mean","fine_l1_median","fine_l1_std","fine_l1_tgi","fine_l1_vari","fine_l1_skew","fine_l1_kurt","hr0_10_l1_cnt","hr0_10_l1_mean","hr0_10_l1_median","hr0_10_l1_std","hr0_10_l1_tgi","hr0_10_l1_vari","hr0_10_l1_skew","hr0_10_l1_kurt","hr100_1000_l1_cnt","hr100_1000_l1_mean","hr100_1000_l1_median","hr100_1000_l1_std","hr100_1000_l1_tgi","hr100_1000_l1_vari","hr100_1000_l1_skew","hr100_1000_l1_kurt","x","y","LF_EVC","LF_EVT","LF_FBFM13","LF_FBFM40","LF_CBD","LF_FDist","LF_ASP","LF_EVEL","LF_SLPD"
"1",22.66937406,-0.177586503,34028,35.10067668,0.299015928,0.316,0.132885716,24.6789763,-0.193319474,-0.399335485,-0.906856381,48968,50.51163558,0.738929587,0.736,0.141698425,23.4311912,-0.183641165,0.061412527,-1.200726396,12181,12.56498597,1.152,0.152902242,1731,1.785566925,1.56,0.071055766,0,0,0,0,82996,85.61231226,0.558566895,0.57,0.256709903,23.94277768,-0.18760923,-0.190080256,-0.952397226,13912,14.3505529,1.206,0.192602259,0,0,0,0,0,0,0,0,1.86,0.656744605,0.345934081,0.452391945,2.927604114,47.74921604,0,0.127,0.219,0.287,0.344,0.399,0.447,0.499,0.546,0.588,0.635,0.684,0.732,0.783,0.83,0.881,0.929,0.99,1.089,1.325,8.194454477,22.33481585,41.45108197,61.01210439,80.01692344,90.9882671,94.58965813,97.97641037,99.8080634,0.547388617,3.161578296,78.58525,0.043137138,99.22737543,0.080315584,2.331329883,45.34273134,2129.204541,0.424478245,96.56880085,0.659642731,7.240327338,14.64329957,217.7995152,0.070372977,90.53483462,0.565721323,3.408149847,23.82288614,746.2600951,0.071073205,91.75550817,0.467434257,3.341546421,25.52672786,818.710274,0.142653352,93.86590585,0.45410485,4.38653124,22.3931136,552.1794634,0.037311198,99.52140327,0.058701064,2.149983774,49.96961569,2548.469722,562262,0.126763582,0.063,0.191188523,15.28622067,1233.965831,3.574296859,16.77473796,0,0,0,0,1,0,0,512,7.904023438,1.097,0,0,0,0,0,0,0,0.103208984,0.000880859,0,0,0.032684539,1315525,0.143366528,0.066,0.208508969,15.38824004,1472.84741,2.967428043,10.95087593,8877,0.885245804,0.964,0.489051675,18.85715173,-0.137847758,-0.32009469,-1.088043142,2,3.097,24.47877673,1.815,1.5485,1.853,0.053740115,9.541143144,19.08228629,0,11.01716313,551611,0.110456093,0.044,0.167665102,15.30626636,1751.653339,2.845549846,9.571122627,16753,0.199732287,0.108,0.234819941,18.63999656,-0.174330697,1.502199898,1.694757452,1232,0.24907711,0.049,0.37610864,11.60155457,-0.118341798,1.571185191,0.883374408,-11753216.37,4917552.916,240,7086,5,122,0,0,224,2471,15
"2",-13.12629603,0.194615494,1779,37.65876376,0.375690838,0.393,0.099573765,-14.76427118,0.267479165,-1.081261115,0.641922535,2765,58.53090601,0.685522242,0.659,0.13579491,-12.80757679,0.159515665,0.501419596,-0.856457946,180,3.810330229,1.0445,0.040116037,0,0,0,0,0,0,0,0,4544,96.18966977,0.564221611,0.5455,0.194868076,-13.57363298,0.201783945,0.094077446,-0.424712145,180,3.810330229,1.0445,0.040116037,0,0,0,0,0,0,0,0,1.184,0.582793395,0.212829201,0.274334814,2.693785258,44.68670618,0,0.256,0.342,0.372,0.4,0.43375,0.464,0.49,0.51,0.53,0.554,0.581,0.6108,0.645,0.685,0.729,0.7744,0.823,0.8857,0.97185,0.910438281,4.361634554,12.32267627,31.84416684,56.97649799,72.77154351,85.62354436,93.71162397,98.89900487,0.553787778,3.205011319,79.13362879,0.016139376,99.12847368,0.055890957,1.486994689,65.83051676,4823.437078,0.925266904,98.29181495,1.079380783,10.55268748,10.17603838,102.0180946,0.250089318,94.31939979,0.694176492,5.775164151,17.08056731,318.1091345,0.07079646,87.85840708,0.704906195,3.568611549,20.96250752,621.2692406,0.035273369,88.4303351,0.574920635,2.781444747,22.54968485,844.8652924,0.00091363,99.4636992,0.020840585,0.479217212,117.9449614,25458.36997,530194,0.048414859,0.026,0.075398222,-1.30874093,0.010586025,4.866368326,37.19592365,0,0,0,0,1,0,0,666,6.076366366,1.039,0,0,0,0,0,0,0,0.103537538,3.15315315315315e-05,0,0,0.010457516,1139234,0.04217548,0.023,0.064464442,-0.602287083,0.004692121,5.409373038,47.43038362,0,0,0,0,0,0,0,0,0,0,0,0,0,0,0,0,0,0,0,546080,0.031014959,0.017,0.050564468,-0.417320117,0.003365424,6.222478693,65.03235135,10148,0.072569373,0.019,0.118257341,-2.020581749,0.016678373,2.53067886,7.937891025,2006,0.024789133,0.018,0.024528245,-0.471988575,0.006053334,3.287699638,16.64069114,-11752618.58,4919136.09,228,7086,5,122,0,0,99,2469,6
"3",-10.22539895,-0.043443131,5086,54.21018973,0.331931577,0.365,0.133333668,-11.58886806,-0.032912222,-0.561594509,-0.92442235,4057,43.24237902,0.61414666,0.571,0.113942254,-9.492100468,-0.051865107,1.477168288,1.563621682,239,2.547431251,1.056,0.049357934,0,0,0,0,0,0,0,0,9143,97.45256875,0.457158154,0.483,0.187909051,-10.65847474,-0.041322137,-0.022378716,0.107448708,239,2.547431251,1.056,0.049357934,0,0,0,0,0,0,0,0,1.234,0.472636112,0.208896397,0.401109005,3.731816475,54.32743551,0,0.117,0.177,0.246,0.303,0.348,0.386,0.419,0.446,0.47,0.4875,0.503,0.519,0.532,0.548,0.566,0.595,0.64,0.712,0.862,5.617737981,15.03038056,27.84351348,51.89212238,82.60313399,91.37618591,95.03251253,97.19646093,99.66954482,0.558580992,3.227368615,79.79593182,0.001701968,99.05668406,0.037340887,0.649406731,88.20199035,14054.10814,0.141894289,99.04221355,0.223997872,4.209953667,25.22292608,653.1105007,0,94.85734414,0.351873899,1.667584521,4.776856415,21.40435112,0,90.75511644,0.479791814,1.821379579,3.883498454,13.76776496,0,87.65697883,0.515941873,1.694162564,3.503147026,11.38178169,0,99.34392123,0.019836802,0.318523432,19.2095103,401.9075504,553274,0.078921289,0.046,0.09313222,6.311961385,-0.12762225,2.698880935,12.33656623,0,0,0,0,1,0,0,661,6.122329803,1.013,0,0,0,0,0,0,0,0.090437216,4.68986384266263e-05,0,0,0.011449133,1088879,0.071935983,0.039,0.08906692,7.580341073,-0.132907501,2.759280765,12.4202,0,0,0,0,0,0,0,0,0,0,0,0,0,0,0,0,0,0,0,490317,0.055060836,0.025,0.077786308,8.108628803,-0.135097627,3.05615984,14.03366288,12317,0.111501096,0.042,0.137939073,2.822251007,-0.110716188,1.525195196,1.816257791,1418,0.044748942,0.021,0.054398349,-0.429761965,-0.08592415,1.930252695,3.05490341,-11752618.58,4919136.09,228,7086,5,122,0,0,99,2469,6
"4",-6.370507468,7102.042585,24112,4.842301861,0.278803293,0.273,0.135095503,-7.255097018,0.024974007,-0.079349731,-1.094442768,16077,3.228669833,0.702800274,0.681,0.142436574,0.991341421,-0.04433885,0.390203325,-1.036113047,10907,2.190402554,1.251,0.145830299,17076,3.4292944,1.804,0.143269334,429762,86.30712227,6.238,2.909893673,40189,8.070971694,0.448416855,0.437,0.249425912,-3.956234374,-0.002753551,0.297280789,-0.81540155,76787,15.4207794,2.225,0.527752147,267953,53.81176636,5.526,1.616761603,113005,22.69427346,10.177,1.14839691,15.199,5.812348637,3.34216706,0.201804177,2.103823186,46.474209,86.30712227,0.514,1.444,2.136,2.629,3.156,3.689,4.155,4.565,5.027,5.483,5.998,6.563,7.151,7.704,8.49,9.271,9.746,10.423,11.625,10.34396194,23.88293204,39.93810412,55.50606206,69.249879,78.35130429,90.868651,98.0270438,99.78430833,0.55226587,3.415188816,70.51116667,0.125993534,97.92772669,0.221550148,3.967394928,26.75252613,735.6970999,1.727785614,86.35401975,2.576540903,14.41063858,7.156981245,50.35537773,1.639928699,91.12299465,2.189265597,14.02148724,7.454782044,54.32103758,1.910828025,91.11818825,2.49029724,15.10359936,6.890276711,46.05768399,1.657848325,90.72310406,2.230433862,14.09746457,7.406466534,53.62171458,0.045631793,98.2936475,0.115530066,2.431259022,42.32272403,1901.709319,907380,2.682709667,0.138,3.685035877,-2.756076985,3107.147556,1.14532564,-0.012736726,5.522874841,34.86788771,13.26525,14.40818269,4,15.199,1.512650516,641,25.25341654,3.888,0.414214467,0.210397571,0.232231645,0.04711193,0.011019168,0.999998799,0.293145393,0.110561622,0.01524025,0.051159126,0.025204368,0.221678093,1460931,0.16530867,0.027,0.48329715,0.407814624,116.0774521,4.268752839,17.69997658,41569,1.164792008,0.741,1.130452286,-6.098561718,3091.346864,0.277279425,-1.656084124,17,80.809,510.1761708,2.597235294,4.753470588,2.999,0.762308544,12.14561626,28.69692884,0,8.306621991,651101,0.059620896,0.018,0.194400362,1.721846641,-0.043060519,9.484734378,104.343072,14257,0.172830399,0.02,0.421994853,-0.083359224,-0.01908437,3.826378691,15.47523322,6779,0.056893052,0.022,0.08407011,3.435088981,-0.064895794,2.40030045,5.40293105,-11752739.25,4919109.207,118,7054,2,102,5,0,102,2480,7
"5",-4.769978682,84656.8055,9479,2.282468408,0.273212048,0.282,0.138166836,-4.959370283,-0.091449632,-0.110753184,-1.201599475,8449,2.034452535,0.713762931,0.687,0.142128988,3.315956169,-0.136622522,0.315183251,-1.149559366,3675,0.884911003,1.212,0.151632697,9256,2.228771768,1.86,0.132762912,384436,92.56915549,6.325,2.931583109,17928,4.316920943,0.480832218,0.477,0.260722408,-1.05942421,-0.11273844,0.105043213,-0.985867046,53636,12.9151256,2.364,0.472518558,239511,57.67235899,5.638,1.573260332,104220,25.09535368,10.292,1.188117536,15.264,6.286750677,3.20184513,0.196935371,2.195528686,46.72619048,92.56915549,1.393,2.279,2.798,3.274,3.831,4.259,4.707,5.159,5.552,5.946,6.432,6.904,7.433,8.04,9.024,9.525,10.01,10.774,11.867,5.244236613,17.83314953,33.64243163,51.40117603,66.72405573,75.73718859,89.65455798,97.05630228,99.74813024,0.563632047,3.346053661,72.33297727,0.076127912,98.08953156,0.160244935,3.11020701,33.64412356,1181.484834,1.247327156,96.82822523,1.514034212,12.24221421,8.681376509,73.92137018,1.0827803,89.87076493,1.710349284,11.4925798,9.066323705,82.36008983,0.570003563,87.56679729,1.213216958,8.461697674,12.14174452,152.7504012,0.211864407,91.49011299,0.634777542,5.304115231,18.69389764,380.1206518,0.041484404,98.38763949,0.106567396,2.318602452,44.36986384,2091.132062,855953,2.640579202,0.092,3.742682095,-2.714352901,35588.63366,1.175295534,0.049653748,5.696201343,35.96216002,13.954,18.23049617,3,15.264,1.149964782,641,18.9400624,4.405,0.372813275,0.157132738,0.239116095,0.051825741,0.004875784,0.999999555,0.327963555,0.102892356,0.009386895,0.048550702,0.025207488,0.201320132,1385518,0.139729303,0.03,0.439288736,-1.898595821,3.629785717,5.032243094,24.90987394,29212,1.249925715,0.893,1.207449726,-1.39687977,-0.084074442,0.131485348,-1.800658857,10,58.766,371.0108138,2.8646,5.8766,2.999,0.422902983,8.813880039,20.03223043,0,6.592067625,617264,0.05392471,0.02,0.151437136,-0.507786292,8.242313488,12.25566995,188.685509,12995,0.104017545,0.018,0.311036886,-1.927082832,-0.080193167,6.207488805,43.12294275,4712,0.056181876,0.023,0.079369198,4.54342413,-0.111853737,2.359276166,5.34283792,-11752739.25,4919109.207,118,7054,2,102,5,0,102,2480,7
"6",-3.545997652,10632.58139,10142,0.75275976,0.337451193,0.365,0.124128905,1.680162746,-0.102587314,-0.667841013,-0.521579597,13346,0.990567123,0.704854563,0.672,0.148365449,4.147049904,-0.129094605,0.424755695,-1.104807979,12456,0.924509522,1.293,0.148042241,34803,2.583149077,1.822,0.136802411,1276560,94.74886607,5.887,2.959906961,23488,1.743326883,0.54621164,0.534,0.228647313,3.081860464,-0.117648891,0.030351522,-0.605456225,199915,14.83809579,2.376,0.461058966,878981,65.23974827,5.543,1.677525326,244923,18.17868061,10.62,1.588280698,16.792,6.063825684,3.095222773,0.591872879,2.826681565,45.4385,94.74886607,1.971,2.445,2.875,3.254,3.642,3.993,4.311,4.662,5.122,5.62,6.109,6.674,7.096,7.495,8.019,8.579,9.624,10.438,11.755,3.222504761,21.40300719,44.16880798,60.39073529,78.38160002,87.60140607,94.99890893,98.01990045,99.7280499,0.5840772,3.515172223,64.63883333,0.216296309,96.53116923,0.362817557,5.177627943,20.57078336,431.9183636,4.06504065,95.3340403,4.527150937,21.72695908,4.641840642,19.57702359,1.997146933,93.83024251,2.550338802,15.44149502,6.72793426,43.82652552,1.550934085,90.34191047,2.241938668,13.67466966,7.590911596,56.80677769,0.567174761,87.20311946,1.164292804,8.429476371,12.23605405,154.6430178,0.128587212,96.65441142,0.258145141,4.021812696,26.18962051,709.9729929,1424076,4.091977666,3.564,3.926058315,-3.135365563,6220.806157,0.628988818,-0.581465838,8.704221002,53.69632171,12.796,13.01991475,8,16.676,2.741027232,656,49.35195122,3.916,0.923873201,0.429655571,0.556820522,0.122116229,0.046589689,0.999990919,0.314458326,0.08088872,0.025717988,0.124817073,0.049330793,0.505057096,1446854,0.321015411,0.027,0.767917077,-0.642281709,360.5433588,2.488869747,4.504430205,103815,1.353815508,1.85,1.200619727,-6.332839878,371.3963927,-0.055324919,-1.81488632,25,158.589,978.3352194,2.9648,6.34356,2.999,0.104586089,11.35937845,27.97926264,0,7.748952528,575944,0.05384894,0.016,0.236964115,1.702015731,115.9476415,9.810761585,100.5154616,12474,0.184267757,0.017,0.534587741,-0.969374086,3914.499902,4.018598575,15.45060131,5821,0.03569318,0.021,0.17601784,5.555998503,-0.103850923,14.644012,214.5581566,-11751671.81,4919063.185,126,7054,5,122,4,0,64,2433,9
"7",-6.045802203,15064.628,6891,0.514559395,0.309569584,0.333,0.131892699,6.363724988,-0.194579301,-0.469548844,-0.84488057,10021,0.748280322,0.746516216,0.749,0.14741257,11.39082274,-0.23380434,0.004730911,-1.237242216,11128,0.830941365,1.269,0.144086756,24992,1.866183195,1.834,0.139084914,1286169,96.03981171,5.918,2.942284789,16912,1.262839717,0.568476999,0.568,0.257024264,9.342470647,-0.217821621,-0.164060793,-0.950271414,179595,13.41057822,2.412,0.454360005,897253,66.9989785,5.595,1.680982611,245441,18.32737955,10.657,1.580395805,16.926,6.172242612,3.050713999,0.596584981,2.846001298,45.40958659,96.03981171,2.137,2.586,3.031,3.414,3.787,4.127,4.457,4.813,5.256,5.757,6.213,6.799,7.181,7.523,8.084,8.681,9.683,10.508,11.824,2.53098865,19.60924432,43.42697133,59.72057945,78.13015233,87.71176822,95.078181,98.21684588,99.72050478,0.587064775,3.501503997,64.32060606,0.254366845,96.74590294,0.393590127,5.595562601,19.14121765,371.5125973,2.284082798,91.00642398,2.886598858,16.46094504,6.289834053,37.95273351,2.229299363,92.28591649,2.747533616,16.26514643,6.388595405,39.14817733,1.479394153,92.10989785,1.964515675,13.33644719,7.865840564,60.7100809,1.563055062,92.3268206,2.007388988,13.68284678,7.684502092,57.65367956,0.17528769,96.89178194,0.299387284,4.662344519,22.86998253,534.3012626,1418359,4.108704664,3.64,3.933105587,-7.298378414,10855.44901,0.609504376,-0.603419942,6.949568386,43.80677394,12.87616667,14.10644929,6,16.917,3.247401941,642,37.8211215,4.006,0.903684626,0.416311971,0.571440517,0.115395499,0.045027211,0.999991234,0.315878103,0.105169782,0.024280374,0.132654206,0.05070405,0.503599476,1453041,0.286170557,0.026,0.740925378,-1.370224923,1452.023052,2.692845244,5.521156625,93711,1.245202858,1.037,1.238858726,-4.676893547,12670.19277,0.114759181,-1.855756265,20,125.581,791.6028986,2.95725,6.27905,2.999,0.165598397,11.28297197,27.79726974,0,7.648493152,589177,0.06834085,0.017,0.310509407,0.251983149,122.0406099,7.442681565,55.34468719,12790,0.215461454,0.018,0.60953724,-3.338341493,-0.081993073,3.245379372,9.098911819,5071,0.067845987,0.022,0.312756347,11.51455821,-0.156041883,7.130629662,50.57083868,-11751671.81,4919063.185,126,7054,5,122,4,0,64,2433,9
"8",-10.02901706,0.055637845,16368,75.27593819,0.280312928,0.278,0.117897014,-9.391395423,0.054990849,-0.054858918,-0.824162343,5362,24.65967623,0.634661507,0.613,0.10239576,-11.99586759,0.057753502,0.935343578,0.308943994,13,0.059786608,1.022,0.013156845,0,0,0,0,0,0,0,0,21730,99.93561442,0.367750437,0.337,0.190776501,-10.03406361,0.055672549,0.531969671,-0.299670461,13,0.059786608,1.022,0.013156845,0,0,0,0,0,0,0,0,1.044,0.368126748,0.191408076,0.544479021,2.743258051,43.95695364,0,0.092,0.1423,0.176,0.199,0.221,0.244,0.266,0.289,0.313,0.337,0.363,0.392,0.431,0.46,0.498,0.54,0.587,0.636,0.719,6.140471919,22.06430247,45.06692424,63.01458075,77.82530702,89.07133986,95.48318845,98.5511246,99.75162136,0.556786742,3.171745451,75.58111364,0.009399982,99.18305611,0.048888409,1.183804267,76.53104035,7000.572308,0.386507379,98.73506676,0.49407941,6.864902283,15.70104993,247.264721,0.282286521,94.31898377,0.711139732,6.082044123,16.47518084,291.4345975,0.106382979,91.45390071,0.63298227,4.053708764,21.27021494,561.3884644,0,88.49964614,0.562484076,1.891595699,3.483178004,10.96173972,0,99.46763903,0.021525545,0.366484446,19.55674547,406.2156927,592933,0.079597639,0.05,0.093401095,-2.858571726,0.01119016,2.620289238,9.956455289,0,0,0,0,1,0,0,596,6.790033557,1.03275,0,0,0,0,0,0,0,0.105991611,3.35570469798658e-06,0,0,0.002668446,1347140,0.084066677,0.051,0.094678881,-2.215095244,0.005699591,2.371767034,8.122432234,0,0,0,0,0,0,0,0,0,0,0,0,0,0,0,0,0,0,0,578509,0.071212707,0.037,0.090185221,-1.333751974,-0.000442489,2.58715,9.433304084,13196,0.098544104,0.038,0.136895544,-4.74148332,0.021790702,2.357978763,6.93132548,1338,0.157814649,0.098,0.140749931,-3.863477493,0.016509864,0.566893847,-1.08799576,-11751729.81,4918940.754,116,7054,2,102,5,0,122,2424,11
"9",-7.052571075,-0.065134009,10071,62.12831585,0.325323205,0.346,0.12251149,-3.503409211,-0.079420799,-0.418403274,-0.946948501,6139,37.87168415,0.589707444,0.568,0.076284744,-12.87495406,-0.041696598,1.501926225,2.453117541,0,0,0,0,0,0,0,0,0,0,0,0,16210,100,0.425449969,0.448,0.167259619,-7.052571075,-0.065134009,-0.189270808,-0.482481279,0,0,0,0,0,0,0,0,0,0,0,0,0.946,0.425449969,0.167259619,-0.189288323,2.517829363,54.65144972,0,0.128,0.181,0.227,0.263,0.301,0.34,0.371,0.399,0.424,0.448,0.472,0.493,0.511,0.529,0.546,0.564,0.586,0.62,0.671,2.07292245,10.84582639,22.90085755,36.21444876,55.16071318,80.79462027,94.36115738,98.17385403,99.63600469,0.560652114,3.219276152,76.86104545,0.006000034,99.03828022,0.043866508,0.976603396,87.34535814,9651.937735,0.321773329,86.98605649,0.970664998,6.48536439,15.35633621,254.105939,0.070947144,87.26498758,0.597357219,3.415558836,23.81217017,744.8771523,0.035236082,91.29668781,0.4289253,2.600890294,27.32062512,1109.778163,0.07183908,93.67816092,0.339385776,3.203209093,29.1485892,984.543346,0,99.49115782,0.017028232,0.306127738,21.11270598,479.2805006,584509,0.08991525,0.058,0.098888823,-4.813068903,-0.072045307,2.201752272,6.269597137,0,0,0,0,1,0,0,662,6.113081571,0,0,0,0,0,0,0,0,0.093531722,0,0,0,0.369499509,1246539,0.086685815,0.054,0.096250724,-3.732996859,-0.077616058,2.265588048,6.712564788,0,0,0,0,0,0,0,0,0,0,0,0,0,0,0,0,0,0,0,523204,0.071410299,0.038,0.091169259,-2.773421066,-0.081171978,2.628384495,9.065435853,15413,0.120851878,0.056,0.143516868,-5.206113957,-0.069442258,1.636040541,2.800638201,550,0.024396364,0.017,0.031393315,14.17546997,-0.151036534,8.307805012,111.5308632,-11751729.81,4918940.754,116,7054,2,102,5,0,122,2424,11
"10",-1.200060356,7638.057763,13863,0.622643137,0.327631177,0.367,0.135972682,-13.49834639,-0.006842237,-0.570160119,-0.959853566,21446,0.963226192,0.70445076,0.6715,0.141727791,-5.092420919,1078.491045,0.477061383,-0.955503813,24497,1.100258884,1.314,0.14334389,320809,14.40882363,1.815,0.115038354,1845861,82.90504816,3.257,1.914836744,35309,1.585869329,0.556504064,0.561,0.23091273,-8.392750715,655.0518027,-0.166267378,-0.527336502,1128186,50.67137485,2.367,0.454284993,1003806,45.08496835,4.033,1.45918744,59175,2.657787463,10.345,1.067916453,13.99,3.546800106,1.951217534,1.769401993,6.685679473,35.4795201,82.90504816,1.67,1.818,1.925,2.096,2.295,2.516,2.664,2.742,2.84,2.935,3.096,3.334,3.571,3.82,4.046,4.502,5.22,6.184,7.626,2.350666412,42.89206032,77.07384992,86.82482399,92.63521935,96.66450331,98.14729561,99.1890769,99.89121818,0.573317639,3.393901135,61.14800758,0.639917573,97.77540298,0.7735786,8.791876398,12.27365691,149.4466981,4.181431609,95.25159461,4.650166549,22.02172455,4.569043511,18.90245786,2.839900603,92.43876464,3.496680866,18.29770103,5.594876064,29.59800059,0.561797753,90.94101124,1.192099719,8.436829856,12.08948753,152.4563674,0.353857042,89.52583156,0.878025478,6.747323712,15.02823433,239.1437836,0.581146053,98.02985102,0.694702995,8.377485452,12.91089705,165.4235035,1239421,2.601643182,2.196,2.863146712,-3.682116536,4572.230802,1.069917539,0.62537282,3.811397624,25.49455002,10.28675,10.93633387,4,13.99,2.545173914,605,26.75609917,2.885,0.491437295,0.308102085,0.25723231,0.015232392,0.02110104,0.999996621,0.290848014,0.100102479,0.03366281,0.07892562,0.011390083,0.321993937,2363795,1.109347092,0.176,1.179424552,-1.192358222,3270.445995,0.329464179,-1.681342978,580348,1.620069384,1.914,1.128236435,-2.001559174,4973.157468,-0.479456589,-1.422838598,15,107.412,718.4820051,2.956133333,7.1608,2.999,0.161074901,6.829454255,17.49077345,0,4.983434046,454432,0.233055018,0.017,0.642146209,1.471102377,1029.248736,2.995618229,7.431352874,14560,0.737789148,0.054,1.004734178,-1.08013327,3530.235643,0.920121644,-0.868447772,2701,0.511382821,0.018,0.884399717,5.973934441,-0.032614101,1.331899785,-0.095870666,-11751399.3,4919308.783,124,9019,8,161,1,0,92,2406,5
"11",-2.27451348,12549.04805,14299,0.706827142,0.311976432,0.324,0.128110953,3.705690052,-0.092768269,-0.369735745,-0.907551301,24149,1.193731636,0.728629301,0.71,0.147335295,2.260077774,-0.105679987,0.226254002,-1.230177523,23427,1.158041784,1.279,0.148860183,71184,3.518762383,1.822,0.138681315,1889924,93.42258762,3.345,1.909359553,38448,1.900558779,0.573674053,0.582,0.245540929,2.797708079,-0.100878056,-0.17677841,-0.827619299,782605,38.68567423,2.498,0.420062366,1138636,56.28497309,3.942,1.423144577,63294,3.128744469,10.324,1.085697143,14.17,3.816970714,1.963144535,1.726371421,6.650402553,34.767403,93.42258762,1.845,2.156,2.271,2.444,2.678,2.826,2.901,2.99,3.087,3.216,3.419,3.615,3.808,3.996,4.32,4.849,5.592,6.554,7.813,2.804770384,30.4690798,74.24890582,85.27802027,92.50522249,96.09210561,97.83819134,99.11635398,99.88828373,0.573303492,3.398781994,62.35528788,0.654765978,97.66790406,0.788738111,8.890764985,12.13860388,146.0760456,5.162659123,94.1301273,5.744130127,24.3413866,4.044038309,14.37670061,5.535714286,89.03571429,6.522078571,25.12635639,3.851022131,12.92784978,4.017063633,87.91325986,4.912879488,21.58495519,4.625401801,19.57089932,3.632478632,84.68660969,4.57147792,20.56415229,4.885762622,22.09748798,0.452998549,98.08946835,0.551276151,7.404130549,14.63595586,213.2976692,1201427,2.821398079,2.616,2.914112854,-5.182399072,5054.71719,0.944811218,0.419452471,4.892947751,30.93919937,10.73333333,15.97526342,3,14.16,2.990557362,640,18.96965625,3.12,0.473177218,0.291057123,0.26487123,0.019518862,0.015981442,0.999997042,0.285907595,0.1028,0.029157813,0.089434375,0.011207813,0.321747766,2053119,0.90701276,0.039,1.189298624,-2.504488187,6078.466595,0.707309737,-1.357111817,404260,1.496529748,2.138,1.243655002,0.14452311,7908.445795,-0.233078765,-1.769090336,15,115.219,728.5554218,2.979066667,7.681266667,2.999,0.073372306,7.007375613,17.01874064,0,5.049885523,526896,0.246869544,0.013,0.715697115,-3.704196309,3477.664001,2.960661494,7.037937623,20368,1.140734878,0.325,1.180478551,-3.023643464,14131.93483,0.252467968,-1.763293547,2278,0.896963126,0.021,1.248757365,0.208332306,62050.03921,0.792198822,-1.287105892,-11751399.3,4919308.783,124,9019,8,161,1,0,92,2406,5
"12",-0.833747809,20707.14325,53542,2.87120032,0.349237309,0.374,0.115771966,-11.5575218,0.064470061,-0.660954221,-0.480647196,103328,5.540984398,0.705027611,0.681,0.138673322,-11.40986148,0.075236986,0.409202396,-0.970912816,41621,2.231934341,1.23,0.146379794,83762,4.491753785,1.82,0.137685064,1582534,84.86369815,5.831,3.421428792,156870,8.412184717,0.583591235,0.585,0.213776933,-11.46026008,0.071562079,-0.148057425,-0.545166554,354953,19.0344247,2.182,0.500786498,855911,45.89839634,5.157,1.618694029,497053,26.65456525,10.875,1.259225726,16.743,5.87939068,3.762784873,0.411697939,2.010046697,41.88138643,84.86369815,0.633,1.349,1.991,2.357,2.759,3.173,3.487,4.119,4.642,5.122,5.616,6.087,7.057,8.177,9.642,10.234,10.766,11.17,12.144,11.62396114,33.02400383,48.76355786,63.1239724,70.68854013,78.29970838,92.89650394,98.21716808,99.67545874,0.575131265,3.447931024,64.57668182,0.452912431,97.6073113,0.579898137,7.416231943,14.55378471,211.6278191,2.838121934,96.60126139,3.170676244,18.2731743,5.666141132,30.15501493,1.65843331,94.24841214,2.163796754,14.11037928,7.403538397,53.57483629,0.532481363,91.48029819,1.089208378,8.200116081,12.51413448,162.7338127,0.106571936,90.69271758,0.602301954,4.020297395,21.83396745,582.0332152,0.416172036,97.7913318,0.527410045,7.106858721,15.21745218,231.3134518,1365062,4.357839133,3.305,4.271400633,-2.132732582,13052.86359,0.637911558,-0.83989423,8.464948499,57.96359405,12.32125,18.70033234,4,16.662,4.628631286,591,27.3899154,4.176,0.734203567,0.293837162,0.424783396,0.110393607,0.037086548,0.999995071,0.335359772,0.079849408,0.025742809,0.08513198,0.053935702,0.396493594,1661569,0.518691831,0.036,0.873580075,-4.199456763,5042.366093,1.588152602,0.9588521,255890,0.997656388,0.49,1.043981069,-7.565679294,10003.31158,0.557730822,-1.339818439,19,112.817,772.512531,2.878631579,5.937736842,2.999,0.24890833,8.988375107,28.42002467,0,6.800560651,489522,0.138662943,0.012,0.471762051,-0.684847312,125.9575535,4.279623965,17.61660096,13071,0.239385892,0.021,0.556264555,-4.826998999,-0.003768722,3.051865564,8.839034604,3095,0.218114378,0.015,0.676016985,3.531359844,-0.079604553,3.186365786,8.362250817,-11751624.94,4919578.641,129,7054,5,122,4,0,133,2420,4
"13",6.009923051,100836.3457,15289,0.869477193,0.322124403,0.333,0.119780419,12.25130747,167.9268277,-0.375684861,-0.838339067,36350,2.067204917,0.749299615,0.75,0.14343428,12.03493031,-0.173810954,0.008878936,-1.226176587,27571,1.567947917,1.225,0.148789987,41084,2.336424947,1.805,0.146153234,1638118,93.15888816,5.861,3.46558423,51639,2.936682111,0.622823854,0.642,0.238247001,12.09899411,49.59653053,-0.379762686,-0.766960817,318110,18.09074432,2.371,0.472199952,876823,49.86445164,5.224,1.596447333,511840,29.10806506,10.995,1.318793922,17.088,6.378248124,3.634281264,0.408903073,2.015192134,41.63049295,93.15888816,1.641,2.266,2.558,2.907,3.313,3.607,4.114,4.659,5.137,5.602,5.997,6.697,7.552,8.756,9.951,10.534,10.968,11.437,12.381,5.274477924,26.55602132,44.86789493,60.79164655,69.11148759,77.45891035,93.00049875,98.19393759,99.65565502,0.577800575,3.455626684,65.23689394,0.353797684,97.53065395,0.475657101,6.568251985,16.41543529,270.5403747,4.018492176,95.30583215,4.477147937,21.6071432,4.672280849,19.86090752,3.545103545,91.85679186,4.284843805,20.35159143,4.960697335,22.81173293,1.991465149,91.18065434,2.656233997,15.42486487,6.710373189,43.71051881,2.337938363,89.1958909,3.031888062,16.65145977,6.194015227,36.81605719,0.21740218,97.786864,0.313944803,5.163119631,20.86435676,439.843683,1410046,4.36996461,3.379,4.351860114,-1.737843861,79266.37635,0.635153405,-0.83233596,9.724299033,60.72978819,13.1744,17.0347503,5,16.575,3.709263714,648,31.2257716,4.02,0.580240028,0.264511289,0.334245339,0.083721607,0.019246894,0.999997231,0.307992572,0.097861111,0.021703704,0.08045216,0.049941358,0.390124264,1587918,0.456871563,0.025,0.903777979,-1.836155354,3422.975031,1.777989567,1.391612994,268560,0.882088256,0.023,1.148691129,18.74813572,7244.002174,0.695180859,-1.368727076,18,117.154,731.645292,2.923666667,6.508555556,2.999,0.188799614,7.745784216,25.37968149,0,5.924988967,459358,0.098344901,0.015,0.402990885,-12.75329657,660.11714,5.511569011,29.74229969,11542,0.249763646,0.019,0.615238417,-7.664045652,-0.080987075,2.966317282,7.733993311,997,0.425684052,0.02,0.95085992,-9.102463029,-0.074556046,1.993184461,2.057091831,-11751624.94,4919578.641,129,7054,5,122,4,0,133,2420,4
"14",-3.132912283,3842.632411,25597,1.074738338,0.325736453,0.342,0.121297714,-3.952749719,-0.053201471,-0.430586588,-0.849322392,39148,1.643702639,0.720551088,0.7,0.14722373,2.19116858,-0.088326362,0.267354834,-1.185651284,31990,1.343160504,1.284,0.149539606,73650,3.092334202,1.792,0.141875525,2211310,92.84602233,4.67,1.912443569,64745,2.718440977,0.564460731,0.56,0.237034552,-0.237835617,-0.074439701,-0.067275905,-0.827134439,453716,19.05012227,2.397,0.476312758,1805480,75.80648412,5.023,1.552752278,57754,2.424910652,9.939,0.598890173,12.19,4.712956941,2.087650556,0.359931427,2.727292695,45.58533079,92.84602233,1.696,2.239,2.584,2.899,3.179,3.381,3.609,3.967,4.247,4.481,4.743,5.043,5.417,5.784,6.266,6.636,6.98,7.62,8.303,3.233622791,12.82087455,35.68691024,57.18534791,73.35081669,87.75938471,95.99323003,98.53709167,99.88873466,0.581412978,3.504361447,61.30981061,0.303626769,97.30170031,0.42862945,6.09446641,17.66052257,314.257892,5.183887916,94.71103327,5.710350263,24.3908555,4.040114984,14.32940384,3.938417472,93.23308271,4.561833154,21.39997402,4.701806723,20.21118678,2.434721242,90.29640085,3.202738179,16.99746869,6.035298574,34.94677338,0.957107409,89.25912797,1.457146402,10.78746824,9.756144523,95.10972639,0.168020291,97.47374397,0.273211156,4.558362022,23.4694473,561.1828485,1631487,3.679488438,3.641,2.811713424,-2.879916316,4446.995393,0.228402114,-0.881282229,11.44721882,80.14761681,9.207636364,13.48826333,11,12.19,1.294946352,578,77.01636678,3.377,1.250768432,0.759688542,0.729041088,0.010975565,0.070691902,0.999974708,0.308594282,0.102892734,0.046057093,0.19017474,0.011517301,0.645248563,1557815,0.638857251,0.026,1.037155621,0.4281685,770.4069645,1.2628611,-0.211766553,258530,1.015468054,0.081,1.199585655,-1.945711503,2027.935414,0.513955805,-1.575553917,33,212.778,1489.763573,2.937363636,6.447818182,2.999,0.206857562,10.37769785,25.58652728,0,6.400364426,454787,0.266905609,0.01,0.717611429,3.515562048,259.8862715,2.738023475,5.808909268,13275,0.541309454,0.043,0.920553477,-0.930527509,-0.019035171,1.590367787,0.847446216,2482,0.575525786,0.025,1.039138471,4.975260228,-0.068306019,1.420883486,0.116331794,-11752133.67,4919336.397,126,7054,5,122,4,0,18,2468,3
"15",3.855528585,6715.872104,9033,0.409311068,0.355034208,0.38,0.114308024,7.577337854,-0.184359747,-0.689528961,-0.483739506,24737,1.120904227,0.736458261,0.728,0.145344471,14.43215424,-0.234515689,0.127349794,-1.209072129,21975,0.995750107,1.253,0.145815357,42720,1.935765395,1.821,0.140360555,2108414,95.5382692,4.797,1.929954897,33770,1.530215295,0.634432692,0.638,0.217888989,12.59858728,-0.22109968,-0.313045408,-0.58742682,355966,16.12983766,2.467,0.458904843,1749457,79.27290078,5.068,1.552231032,67686,3.067046268,9.947,0.681367222,12.262,4.932159997,2.048222213,0.418684719,2.803241123,45.14796688,95.5382692,2.071,2.496,2.839,3.142,3.397,3.602,3.88,4.2,4.439,4.677,4.941,5.231,5.597,5.947,6.448,6.81,7.13,7.76,8.538,1.976321301,9.385883588,31.53037911,54.36870547,71.82064437,86.8151751,95.212241,98.26909326,99.84629871,0.583894004,3.478934655,62.21751515,0.591356135,97.17616961,0.740172877,8.460106196,12.7425147,161.5129096,9.643235606,89.93288591,10.64655599,32.46869731,2.731267528,5.465034906,9.567358424,86.91523039,10.84364404,32.30269016,2.73425275,5.505192814,7.74672798,86.16908383,8.958418819,29.34634475,3.137210548,7.894408623,4.114934374,85.2075204,5.085998581,21.82646376,4.559207263,18.96922917,0.241283684,97.59765376,0.345466056,5.43560195,19.8263509,396.6404736,1520952,3.913274338,3.971,2.844025563,3.458564424,5675.751042,0.136601181,-0.833859642,11.07510511,72.99581344,9.267230769,11.81100404,13,12.262,1.247816637,614,85.68270358,3.586,1.083179835,0.62348514,0.679540763,0.013325022,0.056144344,0.999981842,0.324065276,0.076262215,0.034977199,0.185030945,0.013239414,0.629531094,1457873,0.526462257,0.012,1.007041613,10.71681818,139.0975555,1.546564671,0.523877603,250696,0.894154454,0.014,1.220988667,11.40035145,543.1626761,0.717155183,-1.397505272,30,190.635,1256.471767,2.978333333,6.3545,2.999,0.101497183,9.716109573,25.28572439,0,6.090702253,456108,0.1567122,0.007,0.56492383,10.92832111,-0.173287196,3.784130018,12.65542767,12240,0.560769526,0.018,0.978915059,4.503128775,-0.12835057,1.420991345,0.20813166,911,0.255913282,0.021,0.728831587,7.027894741,-0.152299413,2.910808479,6.619101169,-11752133.67,4919336.397,126,7054,5,122,4,0,18,2468,3
"16",-2.040037346,15296.51871,8936,0.692527431,0.312552149,0.327,0.124415686,4.069109535,-0.10186973,-0.363155813,-0.888336651,15676,1.21486795,0.741823616,0.734,0.144003746,6.294451882,-0.134576679,0.105907491,-1.202714964,16454,1.275161856,1.251,0.1409787,28862,2.236764403,1.801,0.141172125,1220416,94.58052336,4.568,2.290226555,24612,1.907395381,0.585965911,0.601,0.24787651,5.486485881,-0.122701606,-0.229546244,-0.899578957,160555,12.44278666,2.353,0.515304782,1008166,78.13144691,4.6,1.638038102,97011,7.518216044,10.122,1.214882704,15.048,5.097549497,2.414827651,0.847935885,3.542018372,38.92235106,94.58052336,1.931,2.565,3.045,3.27,3.485,3.645,3.871,4.101,4.28,4.455,4.671,5.004,5.521,5.865,6.387,7.294,7.936,8.588,9.783,3.194266951,14.48010335,51.45996065,72.13020104,83.0710904,92.5940622,97.20973416,98.9701963,99.81532042,0.570657998,3.408368543,67.17256061,0.520115223,97.43675679,0.653228023,7.938376887,13.59843662,184.2446172,1.94621373,89.59660297,2.623623496,15.24554934,6.79803003,44.89295515,2.005629838,90.57002111,2.603546798,15.46113953,6.719996778,43.69394996,1.702731465,91.66371054,2.241943952,14.2836416,7.311085099,52.15788964,2.22614841,93.10954064,2.730823322,16.25488759,6.394756745,39.22129054,0.454435962,97.67084198,0.568369404,7.420540161,14.5794311,211.937735,1144917,2.991518827,2.339,3.313451401,-1.687559275,5645.496386,0.871053311,-0.118590524,9.98543035,70.40011381,11.873875,14.72043294,8,14.9,2.25383327,574,56.40222997,3.814,0.667839868,0.351449797,0.406479242,0.034172336,0.026550803,0.999994277,0.284952922,0.104642857,0.019433798,0.100259582,0.021238676,0.35702084,1388272,0.258127651,0.03,0.680306919,-1.188642354,320.2394916,3.011309108,7.49024673,88805,0.91737186,0.048,1.177729355,-1.67507355,1649.58606,0.664789613,-1.417213844,15,92.188,649.9515258,2.932266667,6.145866667,2.999,0.204126175,9.131878394,24.65749107,0,6.590547922,548856,0.090196857,0.019,0.355846213,-0.30350753,65.51625717,6.590289097,43.63821549,11735,0.318100469,0.019,0.740045172,-2.565619138,-0.00622805,2.435976459,4.343882686,4485,0.187426533,0.033,0.529873033,1.322855632,-0.048189171,4.326747472,18.43914391,-11752030.15,4919182.112,239,7086,5,122,0,0,251,2464,8
"17",-4.829254943,18241.74777,9284,0.726700612,0.347629793,0.365,0.107655328,15.97828133,-0.225787076,-0.713397721,-0.051370948,15161,1.186719946,0.737961942,0.731,0.145408188,17.13975329,-0.249063422,0.11744207,-1.199157831,15537,1.216151164,1.259,0.143572716,26545,2.077797042,1.81,0.14397551,1211027,94.79255296,4.52,2.267131964,24445,1.913420557,0.589717161,0.585,0.231093266,16.69863626,-0.240223266,-0.068612437,-0.89953866,156768,12.27093941,2.385,0.509822879,1004893,78.65751377,4.558,1.603063588,91448,7.15804799,10.191,1.255722489,15.091,5.051898047,2.386030582,0.928314658,3.807156871,37.87367276,94.79255296,1.968,2.592,3.073,3.299,3.466,3.673,3.844,4.081,4.262,4.426,4.623,4.902,5.347,5.779,6.274,7.071,7.703,8.499,9.793,3.160416828,14.40699525,52.79420893,73.26169638,84.10069876,93.0589181,97.25498668,98.89601449,99.7935115,0.569095902,3.412216184,67.35680303,0.410954247,97.4752025,0.535261489,7.068215166,15.2729512,233.4115605,4.32297249,95.14112183,4.799814219,22.37454248,4.483985356,18.12873135,3.16951567,91.95156695,3.881200142,19.29004653,5.270160436,26.03056092,3.854239664,88.57743518,4.710711282,21.1691261,4.732740137,20.588784,2.101888137,87.45992162,2.82683648,15.81122992,6.542842026,41.37183119,0.247484602,97.75363696,0.344336588,5.499730602,19.63122765,388.1375126,1111506,3.074247299,2.629,3.327627497,-2.374658857,11091.50441,0.83256579,-0.149606382,10.95864731,70.28231488,11.968,15.54420563,8,15.085,2.248992917,631,51.30725832,3.831,0.651039472,0.34369659,0.421892118,0.030412182,0.029905038,0.999994776,0.287087651,0.093080824,0.016873217,0.09144374,0.019012678,0.362186015,1382658,0.23487853,0.022,0.672789922,1.772758524,79.81718255,3.135068437,8.181427732,87745,0.894357194,0.028,1.201022087,1.623994017,234.2074591,0.714205248,-1.374708864,17,98.404,631.1053473,2.966058824,5.788470588,2.999,0.087927861,9.958026932,26.62092358,0,7.709825078,573428,0.074601307,0.015,0.338320302,2.741762355,-0.113171794,6.902876117,47.27130284,13424,0.275161576,0.017,0.710434009,1.045708412,-0.105098255,2.731815098,5.811424799,3663,0.051703522,0.022,0.21446416,8.536106519,-0.150229756,11.67555117,140.2733347,-11752030.15,4919182.112,239,7086,5,122,0,0,251,2464,8
"18",-2.992757835,16709.70971,14228,1.074165593,0.341638108,0.366,0.118516776,-7.212560899,0.042285855,-0.722600891,-0.337817805,23972,1.809804441,0.718126648,0.697,0.142367633,-5.130237151,0.015706858,0.311996478,-1.103355368,17904,1.351691086,1.27,0.14633147,55229,4.169601597,1.829,0.135344019,1213226,91.5944353,5.649,2.861119592,38200,2.883970034,0.57789945,0.578,0.226012564,-5.90582098,0.02560649,-0.123170571,-0.669638437,278051,20.9919045,2.308,0.451580441,811415,61.25907186,5.676,1.677047207,196893,14.86475162,10.673,1.393098363,15.387,5.612632942,3.038980453,0.544258375,2.623692565,46.22301846,91.5944353,1.662,2.107,2.407,2.708,3.095,3.568,3.898,4.247,4.633,5.251,5.719,6.15,6.629,7.224,7.707,8.152,8.972,9.866,11.312,4.389237768,24.80767169,44.82514167,60.04704966,74.83824793,86.52274948,92.9619541,96.99748897,99.58129429,0.5760701,3.485395164,65.76579545,0.165817686,97.44836846,0.28297419,4.542016421,23.41819981,561.6674637,1.851192595,91.81203275,2.399152723,14.87058247,7.011976453,47.74787988,1.733899505,88.07501769,2.497926398,14.42803215,7.172045674,50.44234588,0.711743772,89.89323843,1.267451957,9.386127348,11.08384508,125.1959291,0.681736634,92.46501615,1.058249013,9.142793993,11.54747818,134.4420194,0.116420967,97.69729613,0.215425965,3.817985014,27.74243048,793.0291656,1362181,3.755625436,2.994,3.711345655,-2.310466253,12284.28223,0.679278283,-0.584551985,10.66753111,72.43294202,13.36983333,16.57538913,6,15.146,1.623731433,596,40.74020134,3.643,0.840464679,0.490716726,0.431715527,0.05527806,0.042296932,0.999990366,0.274191055,0.100228188,0.036263423,0.124431208,0.037872483,0.404978137,1584831,0.433224734,0.052,0.838959395,-1.379349334,3035.685115,1.949921153,2.112907601,137183,1.435645466,1.956,1.148366406,-6.064280902,12739.30181,-0.187904963,-1.740004665,20,132.215,897.744879,2.9705,6.61075,2.999,0.095768086,9.359549057,23.08310451,0,6.332971297,561080,0.110067035,0.027,0.347764987,1.092940603,105.3168382,5.692578355,33.05155711,13978,0.283440406,0.033,0.627230888,-1.290203885,0.002209443,2.630778788,5.672567557,8413,0.120308213,0.037,0.285354179,5.846791079,-0.07412334,6.684204712,52.24830543,-11751914.26,4919077.065,126,7054,5,122,6,0,158,2469,13
"19",11.14922686,28479.10974,8991,0.827513465,0.317716828,0.336,0.123714254,7.647496061,-0.162038146,-0.489498488,-0.693525614,12629,1.162347631,0.726106184,0.713,0.14298097,10.73769284,-0.189549353,0.212344688,-1.152383003,11564,1.064327184,1.289,0.143830219,32089,2.953406694,1.818,0.13654727,1021234,93.99231299,5.626,2.949127482,21620,1.989861096,0.556271369,0.559,0.242533782,9.452588345,-0.178108406,-0.089563325,-0.872255607,208055,19.14896163,2.381,0.444806608,685780,63.11780493,5.592,1.726385252,171052,15.74328031,10.873,1.513687331,15.464,5.777233612,3.078772128,0.619296919,2.722738991,45.65617556,93.99231299,1.884,2.287,2.608,2.925,3.247,3.658,4.047,4.343,4.673,5.234,5.854,6.291,6.748,7.29,7.879,8.363,9.15,10.095,11.686,3.181206546,22.41920431,44.52106109,58.71785338,73.49623472,85.73832082,91.9354334,96.09868698,99.29001773,0.574984272,3.445688039,67.65169697,0.225188585,97.82132185,0.320076675,5.252444901,20.52348394,425.1913362,2.173138582,94.90559316,2.563683648,16.05728798,6.506247805,40.55250354,1.972525537,93.94152871,2.422888341,15.32597443,6.819839631,44.88528596,2.196245129,93.16330145,2.684729012,16.14746846,6.444076133,39.84719409,2.363315697,92.98059965,2.829897707,16.72503328,6.214171691,36.84372702,0.131088597,97.94846345,0.211088035,4.0257549,26.62685573,722.1909966,1193034,3.572203292,2.743,3.789172338,5.96263828,20755.40113,0.793614187,-0.408812431,10.28882282,68.48265295,11.993,18.54855683,5,14.805,2.273457939,608,33.28009868,3.809,0.701593635,0.387997798,0.398074217,0.053043972,0.026721899,0.999993577,0.292104154,0.087904605,0.025587171,0.104236842,0.033386513,0.404177719,1533328,0.349814773,0.036,0.784471202,6.711779396,517.7766165,2.354457574,3.848774123,86599,1.447453331,2.064,1.221491292,16.15790226,6588.132319,-0.208595486,-1.798040966,22,124.182,826.5583882,2.964818182,5.644636364,2.999,0.086609488,10.21933832,24.87586863,0,7.174372283,601275,0.115527537,0.022,0.405096609,6.488507213,-0.136392564,5.401712474,28.68510498,17892,0.255221272,0.04,0.607724787,0.309446758,-0.10164729,3.187917564,8.970331493,6398,0.14889106,0.033,0.451847984,11.65495949,-0.184208804,5.015113372,24.22089712,-11751914.26,4919077.065,126,7054,5,122,6,0,158,2469,13
"20",-3.11443333,25045.72186,11202,0.63208607,0.312174701,0.338,0.131580219,-5.152544683,-0.055038727,-0.495187139,-0.839581406,21536,1.215194216,0.747717775,0.746,0.145497614,5.563454862,-0.129903785,0.024535558,-1.214543178,26916,1.518767065,1.293,0.145316706,82329,4.645510987,1.793,0.138139692,1630242,91.98832881,5.865,2.869629455,32738,1.847280286,0.598687489,0.615,0.250099765,1.896748682,-0.10428712,-0.324242095,-0.795897357,326789,18.43945499,2.244,0.488731739,1166912,65.84438675,5.793,1.601947815,245786,13.86876512,10.551,1.942536298,16.78,5.778144296,3.042141491,0.744749569,3.449398331,46.96582323,91.98832881,1.727,2.156,2.585,2.979,3.364,3.779,4.284,4.736,5.119,5.562,5.946,6.27,6.611,7.012,7.445,8.064,8.776,9.653,11.769,4.585706999,24.91265213,44.07411253,66.38810895,82.34325909,91.87613981,94.95080757,97.43130665,99.46237045,0.580549629,3.497320022,59.6899697,0.55591737,96.77389146,0.719520915,8.211784997,13.10777854,171.3596113,6.746732603,91.59307665,7.560169551,27.58105687,3.437868518,9.844000514,4.665242165,86.57407407,5.713985043,23.16848658,4.241645616,16.15409615,2.980837473,86.72817601,3.838722498,18.71815595,5.431506766,27.84442219,3.065539112,89.11205074,3.798742072,18.96947031,5.372791352,27.11814695,0.366638206,97.13675194,0.497170676,6.684080168,16.13120497,261.114322,1459911,4.252540299,3.977,3.884585045,-2.360456894,18153.13038,0.615521755,-0.361543374,10.80573927,68.86510685,13.029,14.11743573,9,16.546,2.45807684,635,57.35707087,4.177,0.86114541,0.368812437,0.563660536,0.089236219,0.046064308,0.999992002,0.307872696,0.092903937,0.025891339,0.130229921,0.043741732,0.511994742,1595407,0.444383083,0.026,0.877638909,0.203878923,1204.905128,1.827115364,1.628557621,208085,0.940928904,0.048,1.17319,0.425454634,3408.799129,0.612054567,-1.467435049,21,122.47,780.5027892,2.960095238,5.831904762,2.999,0.138871129,10.76805373,27.89634446,0,7.255275011,528721,0.146074147,0.014,0.47616037,1.418789287,466.5818073,3.987107348,14.7972759,14691,0.471131849,0.018,0.861134626,-0.72588086,3323.789156,1.617561842,1.00644541,4534,0.282963388,0.023,0.68541736,5.838031609,10202.8222,2.462907033,4.568684465,-11752923.26,4919176.414,126,7054,5,122,4,0,215,2492,4
"21",-4.197551369,109470.0006,8186,0.475410598,0.341839238,0.362,0.112480638,9.867054566,-0.177454314,-0.530718151,-0.692679052,19831,1.151706275,0.751453431,0.751,0.14337505,9.062673848,-0.170408111,0.002513833,-1.195991268,24340,1.413571213,1.295,0.145549732,63915,3.711931145,1.803,0.13930629,1605608,93.24738077,6.018,2.942245918,28017,1.627116872,0.63177246,0.649,0.230102284,9.297697603,-0.172466869,-0.337687627,-0.777547224,276111,16.03543801,2.266,0.489629201,1150916,66.84066253,5.821,1.597294813,266836,15.49678259,10.659,1.994940828,16.802,5.996406065,3.101325462,0.752698838,3.444090968,46.88160615,93.24738077,1.816,2.298,2.759,3.182,3.603,4.067,4.531,4.927,5.37,5.739,6.137,6.415,6.756,7.167,7.643,8.315,9.097,9.905,12.161,4.021595013,22.22722967,41.52179102,64.58206413,80.55914498,90.60886392,94.0650882,96.79965898,99.28885828,0.581216802,3.49450354,60.19582576,0.438308784,96.81640442,0.590821328,7.305578113,14.73212265,217.494675,4.718309859,94.50704225,5.256866197,23.32513515,4.26179805,16.18877963,4.975124378,88.77043355,5.98006752,23.89433271,4.090760659,14.87211564,4.019921736,86.0903593,5.094386339,21.59213745,4.599264402,19.40184672,3.645285664,86.08482299,4.607599019,20.60702367,4.867293459,21.94294052,0.242843644,97.16621552,0.359799106,5.458100307,19.70326374,392.4296382,1453733,4.338584588,4.105,3.965308388,-3.296349397,83269.88287,0.603736298,-0.382492632,10.51260805,65.05058268,12.960375,14.48698173,8,16.343,2.245742826,654,49.50287462,4.293,0.781888824,0.313850457,0.519433451,0.092852675,0.041110865,0.999993857,0.320001822,0.074281346,0.021535168,0.126892966,0.043940367,0.512745098,1491582,0.369351046,0.014,0.833805293,6.02573619,1121.559184,2.111258666,2.737388859,173764,0.929741011,0.02,1.182301818,8.21079861,4111.565669,0.601139718,-1.496458347,17,109.792,679.3778994,2.995352941,6.458352941,2.999,0.007785734,10.53488321,28.12599356,0,7.134961123,546953,0.087660236,0.009,0.383414667,5.780122977,112.6472765,5.57003958,30.61404222,13912,0.40118121,0.014,0.844773326,2.203960101,-0.101458124,1.986624538,2.290421984,1128,0.206886525,0.016,0.578492021,14.60129298,-0.182013566,2.804389992,6.093061376,-11752923.26,4919176.414,126,7054,5,122,4,0,215,2492,4
"22",-3.003884825,77426.08325,41805,1.473111876,0.312463461,0.329,0.126893904,-1.095153911,-0.080162024,-0.378543977,-0.932359339,75395,2.656746081,0.730981046,0.719,0.142135811,3.561136721,-0.103589832,0.191209524,-1.144423478,52898,1.864003637,1.243,0.146119024,67300,2.371496933,1.763,0.139963173,2600463,91.63432433,7.365,2.952647449,117200,4.129857957,0.581696681,0.595,0.242760052,1.900247388,-0.095233181,-0.248998796,-0.807141566,338369,11.92334392,2.322,0.569111086,1662334,58.57681994,6.442,1.585385931,719958,25.36966105,10.763,1.462977803,16.869,6.808456334,3.320699946,0.075877855,2.434666128,50.55376039,91.63432433,1.226,2.308,2.89,3.673,4.476,5.025,5.48,6.021,6.418,6.901,7.421,7.675,7.954,8.365,9.049,9.921,10.577,11.067,12.28,6.804176386,18.38720021,30.39001219,48.97119661,70.57289648,81.0710183,93.32091787,97.68684854,99.74050869,0.589637692,3.587651096,54.68075758,0.749478651,95.44288332,0.966755082,9.518421553,11.26883361,126.0467606,6.881873005,92.40865555,7.633763746,27.84396663,3.400623742,9.577360134,6.481155336,89.29200423,7.486784079,27.04954168,3.508912733,10.37527527,4.545454545,89.37007874,5.34579456,22.89628003,4.32926599,16.84281844,2.576773738,88.42216731,3.26897282,17.44797752,5.89337255,33.08084661,0.53104668,95.61659157,0.722333104,8.032788654,13.37676917,178.8900893,1885117,5.775664786,6.038,4.194803325,-3.062501538,55073.76911,0.085078642,-1.040912331,12.71624757,84.77908992,14.29563636,14.13519359,11,16.398,2.371436285,607,73.3368369,5.204,1.594588081,0.529849061,0.979280999,0.362735497,0.098403775,0.999977336,0.370466779,0.092425041,0.025224053,0.173990115,0.119693575,0.700228087,1441982,0.432147276,0.026,0.861935332,1.618526577,1994.34393,1.977913448,2.277565631,220101,0.85444237,0.091,1.115457871,1.025592291,3257.703512,0.848858074,-1.05711514,25,135.338,902.2970346,2.97188,5.41352,2.999,0.111008378,11.1861236,25.95947767,0,6.641954682,434492,0.103624686,0.011,0.411407109,2.838280752,1721.243136,5.584326182,30.93182655,12505,0.371417753,0.015,0.81566955,1.011583062,2466.194371,2.27099961,3.535896985,7880,0.381177157,0.032,0.853563784,3.289767657,4566.014862,2.291211666,3.412502273,-11753399.93,4919111.837,140,7054,10,165,8,0,73,2497,5
"23",0.462106731,11690.67613,34096,1.236046175,0.285932514,0.294,0.132703941,11.94476211,-0.18232282,-0.166008099,-1.09289661,49585,1.797552486,0.738708037,0.732,0.143930232,13.57565051,-0.187379115,0.113069224,-1.183085905,46538,1.687092823,1.258,0.145164151,63519,2.30268703,1.779,0.143521907,2564734,92.97658523,7.459,2.994983534,83681,3.033598661,0.554223695,0.572,0.262576515,12.91114159,-0.185318917,-0.170565628,-1.017729135,300435,10.89135185,2.256,0.557130691,1616101,58.58679784,6.461,1.603798536,758255,27.4882154,10.88,1.465326774,17.225,7.029526235,3.316549055,0.063086848,2.413317788,50.72639826,92.97658523,1.574,2.498,3.128,3.949,4.731,5.25,5.694,6.183,6.627,7.121,7.555,7.812,8.14,8.656,9.36,10.271,10.786,11.373,12.5,5.620323723,17.06941998,29.03525178,48.08185404,69.68697514,80.4818684,93.2818217,98.11591276,99.8285282,0.587623098,3.58889554,54.8182197,0.870814445,95.10919937,1.104276512,10.24748659,10.45205241,108.0476525,9.148486981,90.32371569,10.10626671,31.71070708,2.830618152,6.018362336,9.026798307,86.9887165,10.29375529,31.46500267,2.841734044,6.111452296,6.113074205,90.38869258,7.009720848,26.33163486,3.640693415,11.31104677,3.670045439,88.60538273,4.543376442,20.67992434,4.857824764,21.82043071,0.576838217,95.28612176,0.77706786,8.365940638,12.84232621,164.5962829,1827884,5.919183454,6.211,4.256719094,-0.688901313,10097.87556,0.038950468,-1.06090145,16.91818557,108.1604638,14.74909091,16.37025998,11,16.583,1.352087531,633,70.32458136,5.374,1.526507801,0.44615373,0.966452103,0.361980974,0.094135069,0.999979884,0.364025531,0.070780411,0.020406003,0.167047393,0.119993681,0.697560976,1364650,0.32772448,0.012,0.797373746,3.973490412,-18.94025613,2.380506494,3.977854677,181654,0.692122392,0.018,1.093719569,5.412188147,-834.8217832,1.126734218,-0.57043575,23,123.28,788.1472827,2.973478261,5.36,2.999,0.085702906,11.88118176,28.35286132,0,7.429606279,475009,0.083845159,0.008,0.396115082,3.546271098,-59.62437957,5.878040779,33.70125949,11831,0.394158566,0.012,0.849189173,1.354354099,-0.096186366,2.114252946,2.800550939,6007,0.45911986,0.043,0.95292426,4.004378162,-0.078112225,1.909439378,1.716922734,-11753399.93,4919111.837,140,7054,10,165,8,0,73,2497,5
"24",4.134814593,204490.1179,5372,0.681287547,0.330149293,0.352,0.12914523,1.577348801,0.045399988,-0.550114611,-0.784215512,9762,1.238035934,0.716952059,0.691,0.156280951,5.09257849,0.006769958,0.29715249,-1.291887719,14720,1.866819191,1.291,0.144975869,28158,3.571052635,1.777,0.143359754,730494,92.64267787,5.412,2.342423411,15134,1.919323481,0.579651645,0.563,0.23649994,3.844804347,0.020482164,-0.111480064,-0.668149017,143637,18.21632528,2.291,0.501713337,562144,71.29220159,5.58,1.646056535,67591,8.572022823,10.031,0.960700354,14.169,5.354514712,2.527291622,0.34892409,2.54904073,47.31131112,92.64267787,1.692,2.215,2.604,2.992,3.299,3.68,4.128,4.441,4.78,5.184,5.507,5.929,6.296,6.735,7.249,7.571,8.026,8.782,9.851,3.363073157,17.99937857,37.0010336,56.8217069,73.47854484,87.58435267,95.25304215,98.78161838,99.8531398,0.576052543,3.460804549,84.77877143,0.017503116,98.48918222,0.068889833,1.545863789,63.43298302,4475.542612,0,99.29527837,0.060130374,0.724562672,12.24777645,150.8962296,0,96.51369619,0.253038065,1.430393627,5.678659268,30.87179691,0,95.57365439,0.224330737,1.243777703,5.808736223,32.87781072,0,94.23558897,0.283007519,1.369759921,5.061351675,24.5959443,0.018639329,98.57477326,0.062878822,1.570610324,64.25918608,4472.864299,1056515,2.767151031,0.523,3.259324024,-0.178868519,109616.9655,0.875806691,-0.425944509,3.925057161,26.25482199,11.938,14.45887205,3,12.691,0.682244091,605,20.06707438,3.213,0.788618743,0.463041199,0.426714286,0.031490559,0.041961995,0.999990926,0.280281867,0.102438017,0.029859504,0.095061157,0.013983471,0.384408602,1125490,0.32688804,0.049,0.730148625,-3.323778503,10302.92897,2.534157829,4.875082941,55060,1.394166782,1.783,1.163038785,-1.527043784,42615.64856,-0.136297893,-1.721406203,18,106.728,713.9067091,2.970055556,5.929333333,2.999,0.09710181,9.511399481,24.46445227,0,7.251511803,422015,0.1220829,0.03,0.406103575,-3.648179863,3312.85386,5.42548372,29.23388861,11834,0.691691567,0.287,0.923341842,-1.232813142,45171.55253,1.277377613,0.038436512,148,0.228574324,0.0685,0.515132848,-0.012188473,-0.0046601,3.983590641,14.8665422,-11753173.06,4919046.822,121,7054,5,122,6,0,-1,2484,2
"25",-1.487209921,161898.1737,3993,0.49180873,0.317813173,0.335,0.121035511,7.647462649,-0.196442919,-0.470912272,-0.70189926,7547,0.929546829,0.755229893,0.756,0.141843905,7.016512966,-0.198900527,-0.03576057,-1.16188481,11229,1.383050397,1.313,0.142074651,25587,3.151492608,1.768,0.141279035,763545,94.04410144,5.657,2.473408583,11540,1.421355559,0.603877643,0.627,0.248043914,7.234830304,-0.19805016,-0.299034927,-0.911924978,133340,16.4231846,2.378,0.49896245,579989,71.4359263,5.703,1.666696411,87032,10.71953354,10.208,1.187515813,14.795,5.617352464,2.628067206,0.423832425,2.70404289,47.53141085,94.04410144,1.864,2.408,2.802,3.139,3.454,3.844,4.326,4.652,5.042,5.447,5.821,6.186,6.533,6.993,7.505,7.816,8.46,9.12,10.309,2.711663998,17.25594285,36.68469023,56.21874615,73.72065525,88.26222441,95.18413598,98.44389703,99.73420372,0.578996342,3.463950182,72.52994697,0.028989709,97.46169522,0.120931678,2.002681955,48.30473909,2625.562707,0.210600211,99.19269919,0.284310284,5.08721864,21.1551843,452.6798676,0.035663338,95.68473609,0.363445078,2.647948574,26.50962307,1049.025723,0,93.77888375,0.415918948,1.761453552,4.198628395,16.05668548,0,89.97867804,0.545828003,1.921969475,3.520892637,10.91612593,0.02772513,97.56700619,0.108316266,1.939032187,50.82205141,2858.48014,1156663,2.837354453,0.147,3.430045992,-5.005877304,83461.58209,0.90777036,-0.332490994,9.548754857,56.24817987,12.661,15.78397002,6,14.795,1.386849956,687,35.34375546,3.395,0.690009703,0.377254492,0.406792617,0.039966901,0.035917722,0.999993812,0.301729898,0.101783115,0.025229985,0.089377001,0.017091703,0.376674289,1292970,0.245625714,0.026,0.682084669,-2.791021184,2679.300437,3.005748586,7.42988482,52324,1.185236068,0.3525,1.210268319,0.089406863,5353.719461,0.215476053,-1.749873091,19,125.531,739.4566489,2.956789474,6.606894737,2.999,0.099709344,8.690464703,23.91492314,0,6.676792859,551354,0.089550166,0.017,0.393323394,-3.489608958,1286.41994,5.988791403,34.85348437,8606,0.81811062,0.035,1.109561765,-4.526950376,58829.85416,0.803118309,-1.172768292,574,0.723275261,0.019,1.178460649,5.507192047,-0.112801624,1.07851352,-0.800146301,-11753173.06,4919046.822,121,7054,5,122,6,0,-1,2484,2
"26",-12.16994823,112442.2396,37052,5.809326405,0.328931394,0.353,0.124657732,8.135740026,-0.13766561,-0.65878238,-0.479004432,59129,9.270745466,0.710823116,0.694,0.138114527,8.830459977,-0.14373212,0.339799761,-1.004331953,23291,3.651760264,1.187,0.134271145,6428,1.007836288,1.667,0.14131981,511892,80.25876369,7.487,2.219189349,96181,15.08007187,0.5637062,0.568,0.228589026,8.562831614,-0.141395106,-0.168231092,-0.645948205,37047,5.808542463,1.336,0.533914379,361989,56.75570161,6.74,1.150768002,142575,22.35411617,10.307,1.361861154,15.549,6.440283726,3.46054227,-0.331900984,2.46697409,58.53258535,80.25876369,0.464,0.672,0.992,2.195,5.199,5.607,6.154,6.388,6.579,6.777,7.13555,7.497,7.822,8.142,8.625,9.387,9.817,10.495,11.591,18.89490444,20.99308394,22.66745689,36.23208857,64.25506161,79.56509264,91.60555731,96.90760766,99.39337495,0.55850495,3.293604555,71.73843182,0.13372868,98.86522883,0.189415354,4.051928026,26.64594708,718.4185938,1.56416637,93.60113758,1.963917526,13.6797739,7.703879412,57.84878975,1.104381902,93.40933381,1.484082651,11.55075666,9.160951631,83.03404971,0.63559322,94.31497175,0.971197034,8.83225076,11.97111251,144.6047285,0.851970181,96.98260561,1.0642776,10.14842059,10.54176614,110.1169593,0.091488319,99.04544075,0.13487516,3.356014885,32.13567592,1047.861846,838798,3.253854873,0.282,4.084392448,-4.106601266,60144.48855,0.814044029,-0.786934474,2.986236559,22.71595724,13.2375,15.98612346,2,15.549,3.268954649,532,15.2137594,6.462,0.361840375,0.03531604,0.301471716,0.043555719,0.012221468,0.999998495,0.424759167,0.080140977,0.003156015,0.049682331,0.026351504,0.163272597,1356612,0.121010276,0.04,0.23700669,5.228007058,-0.107999447,4.051543274,21.86679448,26014,0.617789421,0.543,0.520969652,6.771553563,-0.135966283,0.77984603,0.466365416,8,18.207,138.4985501,2.106875,2.275875,2.942,0.636247355,11.12310366,25.24158355,0,6.931758989,583214,0.077733791,0.028,0.151943993,5.305631127,-0.106430638,3.919286384,17.80447572,13766,0.173411231,0.042,0.269464466,4.972710156,-0.107042273,2.011553457,3.4946176,9039,0.117773094,0.053,0.151743641,9.366579492,-0.115198992,3.372689081,17.60483558,-11752607.67,4917775.688,230,7126,5,122,0,0,122,2620,18
"27",-3.687958214,156171.9232,29000,7.162739921,0.323458448,0.337,0.123867608,14.11800229,-0.203157571,-0.444697547,-0.756839648,28480,7.034304584,0.698987711,0.677,0.140661714,14.30431191,-0.206465541,0.406961145,-0.994108704,11469,2.832740143,1.24,0.146306794,9048,2.234774855,1.742,0.143951137,326869,80.73371156,7.886,3.656373436,57480,14.19704451,0.509524443,0.498,0.229776706,14.21031436,-0.204796593,0.124107315,-0.718221901,41015,10.13033717,2,0.616636924,160802,39.71665189,5.598,1.595421308,145569,35.9542375,11.823,1.75555972,18.765,6.771471387,4.411626321,0.149432742,1.885376373,46.53088746,80.73371156,0.417,0.636,1.128,2.192,3.096,3.852,4.484,5.13,5.683,6.316,7.002,7.981,9.149,9.933,10.589,11.485,12.165,12.557,13.668,18.76502044,29.32878861,44.4770479,57.47051486,66.59479086,79.07425932,93.02384746,97.9761155,99.82685587,0.549648266,3.319423571,71.34373485,0.130299303,98.224672,0.209917063,4.017716567,26.63200571,723.6542917,3.94265233,95.2688172,4.404537634,21.41099045,4.721269435,20.32676821,2.009164611,94.36023969,2.508170603,15.47845323,6.727707578,43.73302583,0.573682323,91.78917175,1.051380423,8.453047199,12.30874158,155.3338515,0.141093474,89.87654321,0.608553792,4.438635686,21.31518923,517.8528916,0.054481448,98.44751155,0.116011259,2.629004177,39.90340307,1660.078993,690271,3.197005669,0.153,4.590505388,1.149543014,67799.04428,1.185756846,-0.019669301,8.982781959,64.22629855,11.73842857,14.79733766,7,14.933,2.197479454,566,50.0495053,5.606,0.486985652,0.138645226,0.259846336,0.192708452,0.004883391,0.999999554,0.391643187,0.071922261,0.003485866,0.026865724,0.034814488,0.227060471,1406846,0.115337144,0.043,0.249848123,6.83526687,226.376277,7.188287786,66.17263581,4174,1.373357451,1.5315,1.255149706,-0.407803092,-0.060825188,0.028888722,-1.842224446,4,11.477,82.05979304,2.98075,2.86925,2.999,0.033250313,10.87412739,19.0793818,0,8.449571675,626932,0.087069787,0.032,0.171117495,7.095403982,167.9251009,7.427444976,90.39266734,13360,0.119904416,0.029,0.234528395,7.369037491,-0.153631501,4.939070986,39.75286732,34397,0.139222607,0.088,0.137129381,6.148317438,-0.114320733,1.432490112,2.576279197,-11752677.58,4917942.076,119,7054,2,102,5,0,130,2653,15
"28",-8.549217559,50611.90196,36330,4.61526735,0.316202064,0.329,0.122465712,3.234861559,-0.103007733,-0.392085387,-0.75633007,54743,6.954406291,0.715891292,0.7,0.13575751,2.894602582,-0.109388581,0.338092557,-0.934281463,24718,3.140109506,1.215,0.144239515,26131,3.319613298,1.804,0.138769423,645240,81.96958726,5.374,2.875927315,91073,11.56967364,0.556450957,0.57,0.235300966,3.03033555,-0.106843192,-0.144872168,-0.813553587,159579,20.27249514,2.289,0.553090075,439022,55.7721966,5.444,1.651104457,97488,12.38461832,10.408,1.794735966,17.698,4.999937017,3.244786004,0.675988936,3.12467402,44.33413367,81.96958726,0.525,0.833,1.569,2.166,2.525,2.878,3.254,3.711,4.141,4.583,4.95,5.47,5.987,6.547,7.08,7.702,8.551,9.468,10.863,16.1231311,38.19942807,58.37776516,74.99660171,86.75467916,94.34385088,97.53265215,98.97632124,99.77882542,0.578526078,3.414669375,70.28783333,0.090422532,97.92243469,0.179198081,3.375585173,31.22040417,1010.207792,0.428418422,94.78757587,0.668636201,7.254238992,14.6829094,218.0617724,0.496630011,95.14012061,0.748517205,7.807922038,13.62187731,187.3881024,0.318021201,95.05300353,0.579007067,6.304417286,16.66655249,285.6388679,0.316567007,95.63841013,0.536137883,6.268844317,16.88530348,291.3440412,0.079055901,97.96264371,0.164168389,3.16262448,33.2104826,1147.284914,1081383,3.015988221,1.724,3.509776933,-1.548130844,30491.56762,1.087689725,0.433970103,0.42915614,2.953632592,7.044,8.870540818,1,7.044,0,588,6.882414966,3.142,0.742479587,0.545180287,0.305142608,0.019698188,0.03910164,0.999988025,0.19685162,0.101926871,0.036122449,0.099897959,0.022418367,0.325811966,1543004,0.322592216,0.064,0.673416232,7.408545825,158.1012212,2.710350451,6.151802756,80966,1.565618445,1.871,1.04435486,-8.960818555,-0.000261445,-0.266049495,-1.473361691,20,114.799,790.0948769,2.81575,5.73995,2.999,0.424172492,10.94688622,25.36059621,0,7.00410633,599998,0.124124545,0.043,0.316015891,10.07966071,-0.149312089,6.011958896,40.40485269,18183,0.264737942,0.076,0.496099844,8.38181904,-0.136278382,3.308285462,11.57755636,8804,0.06609507,0.042,0.074680862,12.9129975,-0.165479721,2.750154382,10.51740774,-11752974.58,4918092.105,139,7050,10,165,6,0,262,2634,26
"29",-12.09804041,128356.7761,21986,0.842132519,0.267690303,0.275,0.145552432,16.18521508,-0.203210911,-0.061940616,-1.296806175,23461,0.898629629,0.739556072,0.735,0.149960117,15.47669301,-0.221395266,0.08630654,-1.271241661,27577,1.056285294,1.257,0.14082515,40482,1.550587129,1.787,0.142214385,2497234,95.65186749,4.194,2.185764354,45447,1.740762148,0.511280481,0.512,0.278324174,15.81945637,-0.212598179,-0.015456727,-1.094978945,416805,15.96493425,2.663,0.484855676,1936131,74.15986882,4.248,1.325995044,212357,8.133936837,10.285,0.992300194,14.26,4.811102504,2.279601943,1.213247884,4.440149729,34.11280194,95.65186749,2.144,2.68,2.903,3.14,3.551,3.796,3.904,4,4.094,4.167,4.253,4.432,4.752,5.138,5.624,6.184,6.915,8.314,9.963,2.637338561,13.65839851,55.78120056,75.6553894,85.87353461,90.66214228,95.0610517,98.59315642,99.85509844,0.589996797,3.478841855,56.99938636,0.574419034,96.91281968,0.735711477,8.343191836,12.90747381,165.9764069,2.925437032,91.08098466,3.523956475,18.54462729,5.531470956,28.79395006,3.705023156,88.92055575,4.419465622,20.76867698,4.859157425,21.74710579,2.575864502,90.11997177,3.211196189,17.44425855,5.904830132,33.17703448,1.903735632,90.66091954,2.442575431,15.05902016,6.93422723,46.54420435,0.457813729,97.1716661,0.598744804,7.457365539,14.46140098,209.0563323,1576227,4.005997818,3.853,3.400356059,-9.546807681,105302.7029,0.493478777,-0.650198196,7.476074096,56.76293654,11.54122222,11.45339824,9,14.26,2.458613673,533,68.33347092,3.807,1.16420095,0.629417157,0.755088979,0.05498236,0.063597716,0.999981234,0.302210159,0.073833021,0.03658349,0.194341463,0.049281426,0.533592645,1659654,0.610908897,0.046,1.059897921,0.146405509,11308.75371,1.431387755,0.180275289,358187,1.071235768,0.068,1.282884631,-1.832137814,17815.55797,0.485957479,-1.684140458,24,126.649,961.5968298,2.983208333,5.277041667,2.999,0.06012377,12.00428267,27.14121805,0,7.314223652,389186,0.094206801,0.022,0.349894036,2.820666005,7283.604576,6.540151357,43.55562666,9640,0.208013278,0.022,0.572794387,1.454944848,-0.076496818,3.583552498,11.83481846,6492,0.209007394,0.075,0.485219833,2.9787399,57401.42184,4.690613145,21.80276043,-11752333.38,4917163.481,127,7054,10,165,9,613,129,2426,15
"30",-8.315944025,21169.90713,31871,4.36750579,0.290912052,0.307,0.130529327,2.392023157,403.0686314,-0.252098754,-1.051660039,51113,7.00437148,0.760961262,0.766,0.136897893,1.194632762,2564.214417,-0.08798179,-1.059091669,41347,5.666068272,1.24,0.146377289,40843,5.597001631,1.751,0.146129757,564547,77.36381949,4.82,2.184071399,82984,11.37187727,0.580433228,0.618,0.265243345,1.654504897,1734.200471,-0.293815927,-1.042937997,187361,25.67538679,2.138,0.589678492,434639,59.56161868,5.396,1.689792428,24737,3.38988393,10.085,0.924507611,13.078,4.259095374,2.606531233,0.406805795,2.376050319,45.66195716,77.36381949,0.56,0.901,1.317,1.766,2.207,2.569,2.87,3.172,3.503,3.904,4.32,4.714,5.167,5.759,6.332,6.843,7.387,7.8591,8.573,14.90681357,30.78098449,50.26434797,65.52211807,76.89771419,89.88009099,96.98843392,98.64715233,99.83500521,0.565358848,3.376578472,71.61201515,0.06464152,98.13875518,0.141295071,2.868550241,36.4319523,1387.917259,0.689154878,92.45556765,1.08739572,9.193786906,11.4702783,132.7346577,0.48729551,93.69996519,0.821823877,7.773422245,13.52703927,186.6490083,0.38718761,93.31221401,0.683143259,6.933321685,15.20412803,236.3113644,0.601556971,92.67515924,0.936921444,8.581225331,12.36135017,153.9709423,0.042962999,98.29451377,0.110254544,2.357671548,43.69185797,2025.240339,959394,2.493311563,1.0545,2.897684703,-3.724546202,13420.65078,0.989216457,-0.127971464,0.668153476,4.83707578,11.812,11.0682905,1,11.812,0,559,7.239463327,2.83,0.815318317,0.578511356,0.362187033,0.018900978,0.042182088,0.999987554,0.257431143,0.092635063,0.037021467,0.088542039,0.007626118,0.318230467,1638261,0.362815571,0.094,0.666793595,2.443690207,2867.551958,2.555990859,5.538224794,92998,1.278010248,1.198,1.063266875,-3.595120075,16553.32804,0.168688191,-1.552954457,18,102.353,740.9812788,2.915833333,5.686277778,2.999,0.281540144,11.85399335,27.21523783,0,7.674565224,597824,0.176765127,0.064,0.363969144,3.727236988,876.8723924,4.635692359,24.6829325,19346,0.309285692,0.136,0.523013201,3.271834824,-0.105192856,3.108032608,9.822914349,23172,0.199718799,0.11,0.2413565,5.043816444,-0.126502243,3.868215901,29.40093796,-11752739.25,4917189.627,120,7054,5,122,6,0,213,2464,30
"31",3.225785756,616.4085584,70502,2.1877916,0.307079757,0.315,0.121366691,30.3540833,-0.335624129,-0.266754756,-0.933376381,135057,4.191038129,0.762146694,0.768,0.141478464,30.21463332,-0.342264087,-0.087799639,-1.162394392,155564,4.827403655,1.257,0.14331935,184878,5.7370647,1.771,0.150002567,2676518,83.05670192,4.487,2.076937056,205559,6.378829729,0.606069221,0.637,0.254693442,30.26246145,-0.339986735,-0.32500962,-0.981501409,699389,21.70317692,2.025,0.576445591,2223922,69.01191273,4.879,1.617173195,93649,2.906080616,10.432,1.480054028,16.716,4.36081473,2.385248827,0.65968361,3.590141693,42.71884821,83.05670192,0.848,1.381,1.857,2.254,2.775,3.143,3.352,3.476,3.627,3.893,4.16,4.643,5.071,5.742,6.127,6.377,6.685,7.411,8.618,13.13345651,34.77668705,64.28882632,85.01361358,93.07681136,98.04901012,99.31209073,99.81216552,99.92806867,0.561295985,3.38772938,51.43689394,2.231709437,96.04829718,2.528521026,16.25176241,6.450440073,39.67911562,4.423213022,94.97523001,4.916567587,22.62021204,4.424843137,17.60312082,5.146533238,90.88634739,5.992573267,24.29014943,4.026756017,14.30359726,4.987619385,88.92819243,5.907315175,23.92229578,4.095711817,14.88313856,3.526093089,88.18758815,4.341861777,20.28149627,4.977052772,22.97396629,2.120668106,96.2786047,2.395431883,15.85059447,6.63168601,42.0421307,1079231,3.516373192,3.534,3.359475103,-5.53660672,626.2604589,0.637384256,-0.207142162,5.324651971,36.8344193,11.4152,12.33550312,5,13.336,1.589920344,585,34.58854701,4.024,0.569406951,0.238773891,0.380951588,0.08123635,0.023867529,0.999996971,0.328710683,0.08485641,0.01274188,0.082254701,0.017447863,0.344719414,1398180,0.482593522,0.031,0.940839362,0.997620583,130.4027053,1.783407612,1.394314976,263168,0.908601194,0.056,1.196358796,4.517634809,439.3382299,0.724561554,-1.342457526,9,64.211,444.1933314,2.972555556,7.134555556,2.999,0.077089414,7.154456658,22.34910848,0,6.052311367,377066,0.116676969,0.014,0.449228333,-1.288910143,-0.091252859,5.002685644,23.98515766,10408,0.388641334,0.019,0.816588257,-4.014181185,-0.080996234,1.997779676,2.366187037,3899,0.234061298,0.035,0.639029777,0.713716611,-0.082105339,3.376394052,9.863584335,-11753758.94,4919406.527,14,7901,8,183,6,112,153,2511,5
"32",-4.459986178,534.3154726,24752,1.092587426,0.33879335,0.365,0.117572799,20.11335394,-0.274214847,-0.621804741,-0.537037244,56941,2.513454292,0.750124585,0.749,0.143365358,19.1494958,-0.260838225,0.011286565,-1.19060006,56040,2.47368291,1.249,0.143655735,53932,2.380632881,1.752,0.144979533,2073783,91.53964249,6.509,1.986886589,81693,3.606041719,0.62549615,0.643,0.23290771,19.44153326,-0.264891181,-0.341939587,-0.73874244,235489,10.39480933,2.071,0.594493241,1758123,77.60597462,6.421,1.536215168,190143,8.39317433,9.508,0.621379093,13.203,5.991651705,2.413429974,-0.463707381,2.578848142,55.69322271,91.53964249,1.28,2.321,3.135,3.961,4.437,4.942,5.417,5.728,6.028,6.28,6.564,7.04,7.316,7.524,7.73,8.046,8.377,8.843,9.385,5.203034986,11.73273972,19.99984992,33.06323211,55.4586799,78.07964609,93.6890159,99.1064898,99.95206244,0.571681971,3.474477664,58.76612879,0.812028808,96.87950133,0.989153056,9.894353454,10.86196798,116.6491877,9.206896552,90.20689655,10.17934483,31.79980612,2.818154917,5.94863843,7.358691788,88.26875222,8.500636331,28.67566014,3.24024409,8.557303822,7.904022583,88.21453776,9.000405787,29.63820004,3.10308833,7.66659931,4.691447131,89.28184771,5.592923132,23.24250367,4.240179698,16.10574054,0.489563843,97.21066686,0.626701121,7.705695259,14.00519402,195.7104183,1317393,4.928321707,5.97,3.469268499,-3.394322981,479.8833231,-0.312025072,-1.330626672,15.58454936,101.7234372,10.50857692,10.07690683,26,13.203,1.529215333,620,169.7070323,6.068,1.158849595,0.157405373,1.034993908,0.097731836,0.056752022,0.999982473,0.473075958,0.080569355,0.003301613,0.151127419,0.029935484,0.687870798,1232130,0.117869991,0.01,0.47609777,11.14274661,-0.146791066,5.042075743,24.34300727,176463,0.260490522,0.009,0.763425261,9.636097543,-0.135570937,2.884843178,6.502912815,22,84.149,549.2571722,2.881863636,3.824954545,2.999,0.281084176,9.84530422,25.52996774,0,6.331382269,420581,0.018135394,0.007,0.068408711,12.19754651,-0.150222391,25.47989521,862.00087,10572,0.048418086,0.006,0.25127981,9.322619314,-0.139494678,9.133128858,87.23457568,7401,0.049093231,0.028,0.057039256,9.531327521,-0.14519888,2.717768594,9.29731654,-11753961.43,4919471.982,125,7054,5,121,4,112,-1,2515,2
"33",0.157313264,3668.956956,7907,0.677962323,0.313773871,0.339,0.129320803,18.73357369,-0.303015483,-0.515324945,-0.811515149,11913,1.021444942,0.743048183,0.737,0.14493263,20.67653941,-0.332780761,0.077211759,-1.182133842,12102,1.037650188,1.242,0.146282797,18475,1.584084219,1.834,0.147304039,1115890,95.67868684,5.884,2.954679397,19820,1.699407265,0.57179329,0.577,0.251963792,19.90141176,-0.320906187,-0.175976012,-0.902631744,128209,10.99290142,2.376,0.492566739,870467,74.63561776,5.768,1.566209013,147791,12.67190208,11.836,2.332732083,16.936,6.040956662,3.071173734,1.096234555,4.520684249,44.51323814,95.67868684,2.101,2.692,3.237,3.687,3.956,4.165,4.43,4.823,5.296,5.767,6.014,6.29,6.598,7.083,7.493,7.864,8.449,9.796,12.129,3.162603341,16.56437615,42.67418112,67.0513922,85.0877915,90.76272887,93.72692461,96.36735758,97.6774136,0.567807797,3.348849211,67.73882576,0.158428935,98.42429759,0.234077248,4.416013652,24.36050332,601.8138177,1.298701299,89.82098982,1.866798877,12.52211143,8.365398364,69.21968025,1.34991119,90.55062167,1.908909414,12.76625021,8.196865615,66.38019253,0.491745697,92.93993678,0.864499473,7.8181645,13.40308146,183.746009,0.573271229,92.79828019,0.918509495,8.392093813,12.60383263,160.6507904,0.121934885,98.74739618,0.17921897,3.872932091,27.83298967,785.3905846,1127894,3.554495148,2.795,3.929022793,-1.937980873,2652.244494,0.968648289,0.391401167,5.565910674,40.95359296,14.346,16.40129126,2,16.936,3.662813127,550,14.71585455,4.308,0.511192969,0.19489092,0.368153781,0.029732836,0.023824902,0.999997139,0.309241816,0.094661818,0.012952727,0.085387273,0.020301818,0.257064094,1393565,0.231853006,0.038,0.626793846,-2.175710195,64.45897623,3.313050131,9.494693445,56039,1.519047467,2.109,1.192517367,-4.432121577,366.877996,-0.296292232,-1.730719829,7,51.79,381.0673048,2.998857143,7.398571429,2.999,0.000377964,2.987227967,10.60153503,0,3.019833573,548931,0.05551244,0.024,0.18909566,-1.898978938,-0.094216265,11.81258749,151.5682977,9892,0.159099677,0.028,0.465371563,-3.144588602,-0.087890808,4.539279515,20.27571703,2997,0.10933667,0.021,0.441939493,5.255554525,-0.101393764,5.534589573,29.62606151,-11755400.9,4920604.518,120,7054,5,122,4,0,175,2585,10
"34",-1.762506766,18.7159063,5515,0.669791144,0.306709882,0.33,0.13410705,6.12119435,-0.153044353,-0.363791203,-1.104684489,8458,1.027215503,0.743661622,0.741,0.146313492,13.6608063,-0.230010183,0.056964325,-1.224832815,11580,1.406379229,1.302,0.146563851,36252,4.402768551,1.812,0.141508229,761586,92.49384557,5.554,2.973529083,13973,1.697006647,0.571201245,0.579,0.256267049,10.68499868,-0.199632558,-0.199885157,-0.928691556,163926,19.90864607,2.315,0.466921586,502147,60.98524273,5.343,1.66610868,143345,17.40910454,10.667,1.540730309,16.477,5.78969877,3.122229815,0.629758523,2.729019875,44.41158575,92.49384557,1.777,2.196,2.533,2.867,3.273,3.683,4.1,4.42,4.796,5.163,5.715,6.233,6.677,7.137,7.897,8.667,9.326,10.341,11.717,4.00004858,25.29700385,47.25901456,63.99676945,77.00470008,88.29351826,94.47649352,98.28161625,99.66334301,0.576433811,3.454946932,71.69534091,0.02217172,97.46943927,0.11658014,1.793429521,51.63408294,3124.272819,0.175438596,99.12280702,0.24685614,4.649203725,23.11418773,541.9145902,0.03500175,94.29471474,0.500087504,2.825976374,21.66715664,789.8879876,0,93.48686578,0.3845448,1.654598464,4.398830832,18.10417419,0,93.15937941,0.373850494,1.595340476,4.411203493,18.3632723,0.020906145,97.55852584,0.104897537,1.724314668,54.68820454,3448.634249,1167282,3.116255054,1.207,3.79020797,-0.773638167,310.3783754,1.010512058,-0.054601213,5.853773942,37.30617204,10.9616,13.57151989,5,15.176,4.018988467,635,31.86503937,3.779,0.67604571,0.348125282,0.391440238,0.066507159,0.029633733,0.999995176,0.283046017,0.11495748,0.022644094,0.084307087,0.032941732,0.327546675,1418790,0.298120092,0.038,0.71856078,0.026492206,-0.1052591,2.629488363,5.313525673,68511,1.487847251,1.958,1.161718476,0.359886336,-0.078445773,-0.28978758,-1.674120245,17,112.389,716.2564545,2.951235294,6.611117647,2.999,0.121611846,10.96257838,24.95430274,0,7.949333929,556964,0.084971465,0.023,0.332050043,0.305965894,-0.109586057,6.702640525,44.9312408,8754,0.364280101,0.025,0.760228477,1.890978954,-0.120940043,2.071844299,2.709463944,856,0.458859813,0.0435,0.911024752,9.317523208,-0.123203439,1.794796981,1.314707491,-11754186.29,4919629.632,125,7054,5,121,6,112,-1,2523,2
"35",-2.613997614,30902.78572,14467,1.116609988,0.314575102,0.331,0.12508413,0.641276604,-0.076192576,-0.406988739,-0.858314137,19911,1.536795568,0.731641806,0.721,0.14485484,2.736945674,-0.089112297,0.174052653,-1.177021717,17403,1.343219992,1.234,0.145388065,23788,1.836035004,1.79,0.139820745,1220046,94.1671079,6.96,3.500939083,34378,2.653405556,0.556131189,0.557,0.247251733,1.855043166,-0.083675401,-0.079475675,-0.924233168,112640,8.693920585,2.234,0.557929401,743694,57.40071533,5.37,1.683541018,404903,31.25172698,11.309,1.993966153,18.628,7.108231124,3.714538554,0.429002704,2.435305216,45.8723173,94.1671079,1.81,2.795,3.473,3.789,4.136,4.55,5.014,5.366,5.933,6.603,7.196,7.731,8.542,9.125,9.694,10.519,11.419,12.495,13.606,5.227791611,18.811467,42.17984678,57.55826967,71.93137771,83.55629069,92.80503298,97.39335944,99.64642247,0.583553404,3.494850847,63.66718182,0.104290886,97.16277499,0.228319549,3.645894564,28.56563239,854.2374913,2.529866479,93.88615601,3.004982431,17.29122869,5.989818877,34.09044067,1.752541185,89.13424465,2.548023134,14.51588688,7.10880348,49.6232226,0.888730892,90.50835407,1.476420192,10.45627696,9.950001325,100.135756,0.352982704,91.35192376,0.829029298,6.731229012,15.11962037,241.3042203,0.039954443,97.40893143,0.142799796,2.325981015,42.41206274,1986.213527,1396894,4.796006802,4.146,4.659894429,-1.918061391,24953.22834,0.574273722,-0.826432718,7.695452007,49.19816343,15.97975,18.65687465,4,17.912,1.693889877,633,25.57257504,4.815,0.887804149,0.31113772,0.568283055,0.190910416,0.0414977,0.999993547,0.324980588,0.077116904,0.016969984,0.111736177,0.077816746,0.454932809,1434010,0.18180975,0.018,0.557248581,0.107117754,1682.813978,3.773582281,13.16234479,61874,0.880784384,0.075,1.126161258,-1.299068077,17694.35808,0.769623393,-1.183814438,17,90.153,576.3614696,2.908705882,5.303117647,2.999,0.317609187,9.019817102,22.43116575,0,6.506465478,644158,0.056577855,0.012,0.250882478,1.097823877,123.6268876,8.253271485,72.38528056,13293,0.196230873,0.012,0.586156951,-1.382042005,2899.990569,3.476753224,10.85966012,3143,0.03325517,0.017,0.100410759,4.685697686,-0.082384491,9.368378447,121.2981078,-11752877.62,4919100.879,130,7054,10,165,6,0,107,2488,6
"36",-3.046436475,79843.0148,11135,0.901409226,0.321164975,0.338,0.122890172,2.965069172,-0.146283808,-0.482636061,-0.698631004,18954,1.534379027,0.752201963,0.754,0.14640186,5.553662513,-0.158203564,-0.028977373,-1.215825195,18506,1.498112181,1.25,0.145352916,22122,1.79083744,1.789,0.14105502,1164571,94.27526213,6.972,3.541709823,30089,2.435788253,0.592688624,0.601,0.249805752,4.595704892,-0.153792434,-0.213708761,-0.949102702,106879,8.652152373,2.225,0.570172158,703301,56.93417244,5.367,1.670351954,395019,31.97788694,11.382,2.026025751,18.762,7.168904673,3.748893726,0.437930367,2.421763762,45.47773475,94.27526213,1.829,2.842,3.486,3.81,4.148,4.6,5.042,5.407,5.955,6.601,7.219,7.793,8.623,9.185,9.794,10.634,11.601,12.618,13.747,5.204377606,18.91495661,42.22144328,57.63405589,71.90968577,83.27036551,92.60034308,97.48746648,99.64396938,0.583867164,3.498644699,65.20356061,0.101433768,97.21035737,0.220324502,3.592662468,29.03859802,881.5240888,0.847756976,93.88908513,1.272741081,10.18438792,10.32692033,107.135048,0.895736295,90.57685417,1.492271587,10.49315745,9.917714764,99.43431158,0.918403391,92.37018721,1.421183327,10.60162063,9.877387283,98.05701385,0.281988016,93.65526965,0.649725062,6.026053185,16.92622621,302.8624631,0.070717136,97.38897639,0.173781025,3.016110643,34.27901483,1240.595844,1390348,4.74232614,4.061,4.702325231,-5.452106432,58516.74782,0.602399253,-0.801125639,8.255457611,51.87686837,16.21,19.4008049,4,18.047,1.69829856,644,25.1357764,4.922,0.794800823,0.268336126,0.519970415,0.168610134,0.033627828,0.99999513,0.327258717,0.076565217,0.015380435,0.106791925,0.077341615,0.45147541,1426565,0.167994586,0.023,0.527915004,-6.627915498,1071.840475,4.055593293,15.4887485,50727,0.990848463,0.159,1.138497875,-2.349817666,15401.61425,0.573901604,-1.418783165,14,87.196,547.9351512,2.897428571,6.228285714,2.999,0.378606903,8.63613955,19.47783089,0,6.439314819,625830,0.057127658,0.014,0.251641186,-6.034357545,-0.075971079,8.662015939,79.31460939,13183,0.193049003,0.017,0.590101873,-7.346396253,-0.070221493,3.550622969,11.20755522,2509,0.034415703,0.016,0.164891092,2.753902601,-0.110117747,14.90061606,242.2654915,-11752877.62,4919100.879,130,7054,10,165,6,0,107,2488,6
"37",8.654149605,-0.08978361,14885,39.90616622,0.272955257,0.259,0.112852136,8.010858681,-0.116460923,0.235105379,-0.737970344,11635,31.19302949,0.665423206,0.65,0.109541772,16.52249113,-0.173313261,0.683458244,-0.152054336,1974,5.292225201,1.261,0.141568548,1827,4.898123324,1.76,0.145733158,6978,18.7077748,3.068,0.856336932,26520,71.09919571,0.44514095,0.442,0.224372528,11.7451288,-0.141403493,0.194285307,-1.053619312,7122,19.09383378,1.938,0.55246949,3657,9.804289544,3.788,0.609054596,0,0,0,0,5.863,1.065657105,1.147921509,1.665897777,4.94102666,28.30563003,18.7077748,0.151,0.19,0.224,0.26,0.298,0.349,0.437,0.502,0.556,0.592,0.641,0.699,0.76,0.892,1.373,1.874,2.342,2.9681,3.774,49.17689957,72.78138238,78.82192075,85.02868787,89.70722291,93.51975977,96.98107137,99.10987184,99.68899137,0.536783659,3.147179206,76.32786364,0.178716421,99.07376778,0.239266146,4.679425301,23.0883489,538.0268723,4.7485051,94.54801266,5.28831516,23.3965732,4.245942336,16.05394453,4.344729345,92.12962963,5.097945157,22.4255271,4.436631799,17.80561554,2.300070771,92.07360226,2.983708422,16.53734996,6.229933119,37.33643449,1.021846371,88.47780127,1.780993658,11.21002244,9.205247304,85.76158582,0.029959716,99.43353091,0.059265342,1.951705633,53.74811743,3014.422975,471545,0.078969695,0.018,0.325277575,12.38762301,408.6276828,9.773384687,108.7065488,0.23293207,1.456946058,5.204333333,3.683319549,3,5.863,0.590844593,647,18.7644204,2.086,0.010207859,0.009075578,0.003767336,0,0,1,0.476807953,0.077621329,0.000411128,0.000366306,0,0.031886917,1460822,0.055272155,0.018,0.143799961,12.52032449,927.0117249,10.19972679,148.3251349,3238,0.352847437,0.055,0.651375404,8.682981023,-0.128535166,2.33646789,4.433046891,2,7.88,49.2879101,2.8875,3.94,2.989,0.143542677,8.266090203,16.53218041,0,9.544858808,710171,0.037861424,0.014,0.079754969,13.39454415,1078.28233,6.448805807,88.29195293,15992,0.044384817,0.011,0.107444859,11.77294712,-0.134887039,7.161868255,98.94584565,23058,0.12504892,0.073,0.142277194,11.95323431,8359.230156,2.11761917,4.926925649,-11779980.46,4911586.945,135,7050,8,182,6,112,249,2950,13
"38",-1.167055915,195149.5884,10817,2.611767319,0.284614681,0.3,0.141861317,12.65177272,-0.112524292,-0.277249061,-1.105696013,16746,4.043325832,0.74381512,0.738,0.14475536,12.03298088,-0.085494672,0.072173518,-1.212137443,16104,3.888314774,1.244,0.148605022,21556,5.204701519,1.751,0.144397706,348934,84.2502004,7.168,3.620155301,27563,6.655093152,0.563603563,0.584,0.266283102,12.2758235,-0.096102349,-0.2579913,-0.930008201,76354,18.43569214,2.012,0.566848571,198014,47.81052916,6.257,1.768464022,112226,27.09699539,10.804,2.403411992,18.837,6.504858223,4.061874359,0.469861335,2.591915487,49.59194908,84.2502004,0.785,1.438,1.932,2.456,2.991,3.677,4.166,5.085,5.72,6.418,6.953,7.438,8.166,8.758,9.197,9.693,10.413,11.786,14.631,14.49453829,30.78163784,44.45836834,60.72011513,76.99707357,88.17885048,92.29396652,96.34461411,99.3461401,0.560702766,3.337052028,73.51482576,0.162357777,98.17176598,0.249383126,4.476657635,23.95823906,583.5840722,3.292035398,91.50442478,3.929925664,19.63217132,5.185094154,25.05351356,3.232758621,85.91954023,4.154637213,19.45615866,5.197128529,25.31800351,1.397348621,90.93514869,1.976467216,12.98466693,8.048371791,63.93887568,0.211864407,93.53813559,0.574449153,5.274788035,19.02321058,389.5491468,0.069724771,98.52706422,0.130993853,2.957412647,35.83495757,1325.348766,834856,2.723746613,0.107,4.196771146,-3.043484279,85972.86627,1.472665122,1.142387774,8.331853299,57.63737792,11.6485,19.1009538,4,18.281,5.697424535,585,27.67083761,5.23,0.47219056,0.166174777,0.302490324,0.084861077,0.008904925,0.999999279,0.322495639,0.073765812,0.008846154,0.036524786,0.031100855,0.181543624,1353097,0.153768837,0.038,0.435597716,-2.128341927,24203.37766,4.621136482,21.50153424,35596,1.166882346,1.038,1.050102317,1.082109922,3826.583585,0.293813184,-1.447720672,11,57.292,396.3296685,2.711818182,5.208363636,2.999,0.390207334,8.452111412,20.96327913,0,6.401644102,569443,0.062823547,0.024,0.184207685,-1.727364009,27823.77071,9.933007026,114.7058373,11444,0.096716008,0.019,0.287082864,-3.033508413,6512.58252,6.17214539,42.51731599,12482,0.086289697,0.043,0.158880879,2.278402262,278578.3136,5.465517139,38.80110033,-11755771.59,4921086.152,234,7126,5,122,0,0,232,2605,10
"39",-0.828696534,2868.764741,8624,2.043839214,0.311529917,0.329,0.12900948,17.10162525,-0.248011366,-0.407264188,-0.937207172,13356,3.165296444,0.745913971,0.743,0.143416075,14.83167709,-0.218152668,0.044310455,-1.168797939,21792,5.164580721,1.278,0.141058271,27985,6.632286687,1.741,0.142583009,350191,82.99328595,7.272,3.645979556,21980,5.209135658,0.575480482,0.586,0.253012873,15.72230644,-0.229867928,-0.200728629,-0.941432411,90750,21.50723662,1.915,0.553303259,194078,45.99538809,6.4425,1.76551396,115140,27.28752865,10.834,2.4199217,18.684,6.48804596,4.088301364,0.481620945,2.562040367,50.07240177,82.99328595,0.966,1.471,1.84,2.264,2.834,3.498,4.073,5.034,5.695,6.505,6.958,7.48,8.205,8.766,9.192,9.707,10.422,11.795,14.677,15.38107867,31.74569318,44.38424731,59.93383055,76.40793749,87.78661775,92.0290937,95.88716118,99.26128163,0.552412678,3.305965065,73.24234091,0.071410641,98.32509586,0.138902397,2.997927301,35.23494491,1285.057179,1.656095842,95.63072586,2.015909091,14.07118804,7.484111992,54.4398038,1.206529454,91.16394606,1.730283889,12.08516298,8.6798913,74.72854886,0.573682323,91.10792399,1.026744353,8.437253433,12.38315452,156.6638496,0.563181978,94.15698698,0.841541711,8.298563859,12.82927494,165.6142853,0.023879171,98.58424067,0.074590311,1.77717314,56.83571942,3493.748433,752661,3.013247696,0.14,4.312994819,-3.924520593,1386.284018,1.327008339,0.71604046,8.17271238,61.93603865,11.69666667,21.79998883,3,18.102,6.867133706,534,22.73516854,4.976,0.566047751,0.225256503,0.343163874,0.093516875,0.02073576,0.999997692,0.305172521,0.062589888,0.011840824,0.040955056,0.034318352,0.182392143,1505900,0.162963816,0.039,0.44809602,-3.001870891,-0.084954737,4.328695938,18.67794007,38228,1.502407921,1.654,0.94791332,0.230582009,-0.082098843,-0.290513289,-1.130862448,12,54.976,416.6298167,2.69825,4.581333333,2.999,0.424867065,9.022594977,21.20434194,0,6.667757633,613284,0.054331515,0.025,0.114814567,-2.408808278,-0.088884106,11.74641714,204.2508561,11953,0.097114867,0.029,0.265883166,-6.158077828,-0.065309997,7.323199577,62.09721494,14111,0.104694777,0.077,0.107447866,6.880045533,-0.135792105,3.230792927,24.2125496,-11755771.59,4921086.152,234,7126,5,122,0,0,232,2605,10
"40",-2.697340483,21691.1284,11997,0.593147727,0.331531049,0.363,0.127913237,22.21207038,-0.305735051,-0.709242713,-0.506285238,22766,1.125581492,0.747582491,0.745,0.145907526,21.71959148,-0.304780378,0.027649478,-1.232194413,24403,1.206516962,1.256,0.143739567,38408,1.898942895,1.792,0.142264419,1925022,95.1756626,5.343,2.704005221,34763,1.718729219,0.603999684,0.613,0.242303534,21.88955004,-0.305109844,-0.288784425,-0.747139106,303699,15.01528479,2.521,0.489956045,1403733,69.40243716,5.304,1.569975657,280401,13.86340051,10.375,1.728856124,19.303,5.754889095,2.830446411,0.791423215,3.658088776,40.97258033,95.1756626,2.034,2.574,2.879,3.284,3.705,4.143,4.433,4.721,5.014,5.247,5.489,5.815,6.35,6.91,7.562,8.098,8.777,9.63,11.02,4.48142336,26.69087321,59.60899716,75.80710711,90.11111474,96.25767702,98.67402949,99.69074367,99.87066114,0.581126647,3.446059541,61.87784091,0.379289354,97.5284467,0.501634775,6.796428172,15.87230239,252.5640613,6.036287509,93.40544313,6.692062107,26.19803583,3.685828164,11.59984005,4.62034384,91.54727794,5.433495702,23.08705347,4.281117484,16.44617418,3.368794326,88.75886525,4.310946809,19.86277941,5.066940485,24.00662254,1.83940573,90.59073222,2.503452423,14.84027907,6.990179609,47.64157966,0.201814504,97.80926246,0.293391853,4.975478473,21.65569662,474.0607661,1365231,4.083053148,3.911,3.82808475,-0.724805846,19052.38409,0.683414708,-0.163637976,12.42096978,78.29588616,15.117375,16.4174555,8,18.898,2.222645781,642,50.42816199,4.26,0.626592142,0.205297749,0.418578525,0.109562218,0.029044074,0.999996557,0.305972508,0.097221184,0.017635514,0.099674455,0.038686916,0.450032873,1535516,0.390608224,0.016,0.893748201,4.101906376,257.6240084,2.079926081,2.460463366,213196,0.910326334,0.021,1.232109478,5.455387907,578.4966596,0.69489548,-1.44623503,20,121.168,763.7854454,2.983,6.0584,2.999,0.057256579,8.599186685,23.22744362,0,6.064947194,530306,0.090640372,0.01,0.410582055,4.273412265,198.5641345,5.591819166,30.08809293,12639,0.507538017,0.016,0.94778901,1.412841522,-0.107941879,1.538228569,0.540221013,4244,0.104399152,0.017,0.468144606,2.014772162,-0.118252322,5.275131791,25.88413183,-11752476.65,4919482.502,335,7126,5,121,0,112,160,2475,4
