"","h_ground_cnt","h_not_ground_cnt","h_per_ground","h_ng_tgi","h_ng_vari","h_l1_cnt","h_l1_per","h_l1_mean","h_l1_median","h_l1_std","h_l1_tgi","h_l1_vari","h_l1_skew","h_l1_kurt","h_l2_cnt","h_l2_per","h_l2_mean","h_l2_median","h_l2_std","h_l2_tgi","h_l2_vari","h_l2_skew","h_l2_kurt","h_l3_cnt","h_l3_per","h_l3_mean","h_l3_median","h_l3_std","h_l3_tgi","h_l3_vari","h_l3_skew","h_l3_kurt","h_l4_cnt","h_l4_per","h_l4_mean","h_l4_median","h_l4_std","h_l4_tgi","h_l4_vari","h_l4_skew","h_l4_kurt","h_l5_cnt","h_l5_per","h_l5_mean","h_l5_median","h_l5_std","h_l5_tgi","h_l5_vari","h_l5_skew","h_l5_kurt","h_GC_cnt","h_GC_per","h_GC_mean","h_GC_median","h_GC_std","h_GC_tgi","h_GC_vari","h_GC_skew","h_GC_kurt","h_US_cnt","h_US_per","h_US_mean","h_US_median","h_US_std","h_US_tgi","h_US_vari","h_US_skew","h_US_kurt","h_MS_cnt","h_MS_per","h_MS_mean","h_MS_median","h_MS_std","h_MS_tgi","h_MS_vari","h_MS_skew","h_MS_kurt","h_OS_cnt","h_OS_per","h_OS_mean","h_OS_median","h_OS_std","h_OS_tgi","h_OS_vari","h_OS_skew","h_OS_kurt","h_zmax","h_zmean","h_zsd","h_zskew","h_zkurt","h_pzabovezmean","h_pzabove2","h_zq5","h_zq10","h_zq15","h_zq20","h_zq25","h_zq30","h_zq35","h_zq40","h_zq45","h_zq50","h_zq55","h_zq60","h_zq65","h_zq70","h_zq75","h_zq80","h_zq85","h_zq90","h_zq95","h_zpcum1","h_zpcum2","h_zpcum3","h_zpcum4","h_zpcum5","h_zpcum6","h_zpcum7","h_zpcum8","h_zpcum9","fDim","fInt","per_gap","s_lng_na_per","s_lng_zero_per","s_lng_prop_mn","s_lng_prop_sd","s_lng_prop_sk","s_lng_prop_ku","s_l1_na_per","s_l1_zero_per","s_l1_prop_mn","s_l1_prop_sd","s_l1_prop_sk","s_l1_prop_ku","s_l2_na_per","s_l2_zero_per","s_l2_prop_mn","s_l2_prop_sd","s_l2_prop_sk","s_l2_prop_ku","s_l3_na_per","s_l3_zero_per","s_l3_prop_mn","s_l3_prop_sd","s_l3_prop_sk","s_l3_prop_ku","s_l4_na_per","s_l4_zero_per","s_l4_prop_mn","s_l4_prop_sd","s_l4_prop_sk","s_l4_prop_ku","s_l5_na_per","s_l5_zero_per","s_l5_prop_mn","s_l5_prop_sd","s_l5_prop_sk","s_l5_prop_ku","vox_l1_cnt","vox_l1_mean","vox_l1_median","vox_l1_std","vox_l1_tgi","vox_l1_vari","vox_l1_skew","vox_l1_kurt","TBA","Basalarea","MeanTH","MDBH","TreesN","MaxTH","SDHT","nonocarea","StemsPacre","CBH","LAI","ULAI","MLAI","OLAI","FHD","GiSimp","LAHV","GCvol","USvol","MSvol","OSvol","canopyCover","fuel0_3l1_cnt","fuel0_3l1_mean","fuel0_3l1_median","fuel0_3l1_std","fuel0_3l1_tgi","fuel0_3l1_vari","fuel0_3l1_skew","fuel0_3l1_kurt","shrubs_l1_cnt","shrubs_l1_mean","shrubs_l1_median","shrubs_l1_std","shrubs_l1_tgi","shrubs_l1_vari","shrubs_l1_skew","shrubs_l1_kurt","ShrubsN","shrubArea","scaledShrubArea","MeanSH","MeanSA","MaxSH","SDSHT","MeanSD","MaxSD","MinSD","SDSD","fine_l1_cnt","fine_l1_mean","fine_l1_median","fine_l1_std","fine_l1_tgi","fine_l1_vari","fine_l1_skew","fine_l1_kurt","hr0_10_l1_cnt","hr0_10_l1_mean","hr0_10_l1_median","hr0_10_l1_std","hr0_10_l1_tgi","hr0_10_l1_vari","hr0_10_l1_skew","hr0_10_l1_kurt","hr100_1000_l1_cnt","hr100_1000_l1_mean","hr100_1000_l1_median","hr100_1000_l1_std","hr100_1000_l1_tgi","hr100_1000_l1_vari","hr100_1000_l1_skew","hr100_1000_l1_kurt","x","y","crs","LF_EVC","LF_EVT","LF_FBFM13","LF_FBFM40","LF_CBD","LF_FDist","LF_ASP","LF_EVEL","LF_SLPD"
"1",1068116,4008948,21.03806452,-16.48570906,29321.84783,117791,2.938202242,0.315648284,0.337,0.126503967,-26.456991,-0.010217527,-0.500652456,-0.692637128,283506,7.071830316,0.768863544,0.773,0.14298025,-17.70168564,-0.045614712,-0.118504671,-1.16013579,357940,8.928526885,1.221574088,1.209,0.131842967,-20.69731496,-0.036915206,0.332139237,-0.80560153,553052,13.7954396,1.820606617,1.854,0.143082553,-14.43914126,51632.34476,-0.595094952,-0.88105373,2696639,67.26550207,4.405636129,3.737,2.91615551,-15.78301546,33001.97728,1.883350891,3.865659485,401297,10.01003256,0.635833198,0.671,0.248464166,-20.27159315,-0.035224727,-0.473443076,-0.718100044,2036926,50.80948917,1.936789224,2.028,0.418440359,-16.74865448,22549.27767,-0.355728581,0.034959673,1340938,33.44862542,4.956623158,4.387,1.475357315,-15.49828078,36725.50664,1.009710117,0.003420054,229767,5.731353961,11.89435338,11.277,2.370110197,-13.30515039,97367.94203,1.028722014,0.653653494,21.427,3.387349629,2.818440278,2.054745941,8.037327357,36.65772168,67.26550207,0.671,1,1.231,1.577,1.828,1.957,2.025,2.065,2.122,2.205,2.311,2.867,3.6,3.957,4.254,4.557,5.644,7.087,9.464,46.50171979,75.55804833,88.24141722,93.52874223,96.58479688,98.32688398,99.36254763,99.79341105,99.95011134,0.571554838,3.504172633,50.20512879,2.120026231,95.25225816,2.430459924,15.84954507,6.624531133,41.9818835,8.489258489,87.07553708,9.605571726,30.6166349,2.96596528,6.823238278,6.799572802,87.04165183,7.835496618,27.64692394,3.411101313,9.684951194,6.142506143,85.22288522,7.25017901,26.35706425,3.621096238,11.19166372,3.718130312,87.64164306,4.43776204,20.79803024,4.853151908,21.677626,1.923671734,95.57421624,2.204240988,15.1132238,6.977517023,46.78679648,1407193,4.099014232,3.171,3.9502281,-20.89181615,22171.76272,1.163636036,0.925061169,16.82752073,146.7643652,14.0185,13.02986777,16,21.427,4.62480512,464,139.5468966,2.721,1.285800881,0.723735707,0.599548442,0.164846827,0.075043839,0.99997569,0.21531398,0.09800431,0.084422414,0.146670259,0.07124569,0.701456311,2972491,1.181866793,1.304,0.95209678,-16.93612499,14460.39573,-0.063504451,-1.652198817,829122,1.459282255,1.934,0.878730136,-18.77762411,20783.32584,-0.621537385,-1.127028338,36,167.703,1462.653039,2.775,4.658416667,2.999,0.450549316,11.24398683,27.71075973,0,6.564930152,344662,0.242540791,0.03,0.512245002,-12.5783502,246.04779,3.006956202,9.113975531,11810,0.461964522,0.054,0.746579248,-18.93879554,-0.010279008,1.787533113,2.101854679,11465,0.178740515,0.065,0.268260074,-11.85745911,-0.010434073,2.750460847,8.994085934,-11770783.77,4907695.677,"EPSG:3857",125,7050,8,182,9,112,212,2834,13
"2",1432223,2489013,36.52478453,-5.364188951,14951.18147,101539,4.079488536,0.316861708,0.336,0.138945542,3.203532703,-0.108089813,-0.409863428,-1.04476809,165295,6.640985804,0.734174016,0.727,0.143588314,7.833915986,-0.153915925,0.12701162,-1.163429038,118105,4.745053561,1.239542687,1.234,0.146515516,9.183746254,-0.185498673,0.092986241,-1.23259452,108264,4.349675956,1.750202764,1.75,0.144089569,7.594296035,-0.170606084,-0.001800833,-1.192446984,1995782,80.1836712,7.574084453,7.154,3.746576602,-8.457108325,18646.20577,0.444071625,-0.687103407,266834,10.72047434,0.575373135,0.581,0.247326436,6.071904817,-0.136477601,-0.257227944,-0.778334495,430274,17.28693261,1.960967235,1.948,0.580352391,6.99475263,161.1125097,0.056695158,-1.199685428,1088643,43.7379395,5.763138422,5.647,1.758604078,-6.53927461,24974.32073,0.15184702,-1.236424869,703234,28.25352861,11.85145775,11.464,2.039605586,-15.44640051,14157.84717,0.826376383,0.292220089,20.415,6.269806817,4.265402798,0.445229507,2.245042318,45.95042292,80.1836712,0.559,0.935,1.449,2.023,2.615,3.234,3.719,4.279,4.978,5.665,6.434,7.166,7.909,8.706,9.575,10.426,11.291,12.418,13.797,20.14834975,38.50207093,53.20855948,66.65212257,78.89246331,89.34303689,96.28892604,99.10055633,99.86400068,0.588026277,3.580463283,55.6260303,0.285883836,95.93395217,0.448144397,5.93078339,18.03973862,329.8559347,2.515054906,94.72192703,2.973301452,17.24290633,6.010400812,34.33252966,1.72900494,93.08398024,2.212410021,14.38167805,7.278540988,51.55671588,1.917613636,91.15767045,2.488860085,15.12796447,6.881570513,45.91805619,1.275690999,89.29836995,1.843341602,12.41234795,8.442751065,70.54673814,0.214068588,95.96076361,0.364324851,5.147136458,20.71821228,437.698057,1740056,5.843996791,5.427,4.84331714,-8.30291859,11871.86525,0.353904113,-1.031043159,91.91963976,713.9849496,15.80374419,11.71220125,43,19.53,2.717221717,521,334.001881,5.787,1.390133959,0.445071337,0.70272966,0.442751193,0.090886411,0.99998458,0.334036132,0.080535509,0.029024952,0.136886756,0.168927063,0.721598415,1820689,0.378870828,0.088,0.650560621,-0.937018945,-8.575353918,2.422077311,5.120675093,345965,0.53144593,0.124,0.796486821,-1.576938812,-22.3893248,1.727731911,1.70818321,35,144.34,1121.159612,2.823285714,4.124,2.999,0.39655914,10.11306867,27.1739112,0,6.134083689,395717,0.147000023,0.049,0.268878975,-1.191929692,-0.105868162,4.13692105,24.47959751,14697,0.247047493,0.046,0.419000306,-1.174051223,-0.109912484,2.687042315,9.19073064,22307,0.223863765,0.142,0.206882383,7.762207108,-0.124425862,1.156650983,1.205656122,-11770934.77,4907743.062,"EPSG:3857",145,7050,8,182,12,112,193,2839,21
"3",1378493,752618,64.68424216,-0.11442466,195661.5388,21659,2.877821152,0.320783139,0.35,0.134810558,5.003895187,-0.107391821,-0.567054648,-0.786787034,59578,7.916100864,0.742917889,0.734,0.137928938,6.917667091,-0.117427319,0.132762572,-1.108803089,50305,6.684001711,1.251802306,1.256,0.144575277,7.824835435,-0.111735567,-0.035980561,-1.236210582,52516,6.977776242,1.76138771,1.763,0.14214635,9.349288847,30243.28661,-0.077017585,-1.156065524,568555,75.54363568,6.769988137,5.905,3.767990611,-2.622879967,256211.1925,0.869987886,0.091219486,81237,10.79392202,0.630370447,0.656,0.231605476,6.40742686,-0.114751705,-0.544907504,-0.329464546,190362,25.29330949,1.952810414,1.934,0.561331172,6.84056513,57390.97368,0.117226856,-1.083469474,336330,44.68800906,5.56891335,5.465,1.689262264,-2.834732114,274231.1148,0.256077487,-1.108389334,144684,19.22409509,12.16340462,11.8825,2.340434312,-6.603453922,304810.442,0.874712688,0.584164301,23.454,5.388913049,4.084305069,0.906704941,3.157033845,42.15086538,75.54363568,0.635,0.94,1.322,1.698,2.033,2.431,2.906,3.381,3.766,4.392,4.984,5.626,6.222,7.033,7.807,8.7996,9.986,11.749,13.46,29.00153067,52.31925614,70.01974457,82.25818881,89.93491999,96.44252284,98.97317609,99.7086148,99.98485275,0.555989081,3.383583489,69.66918182,0.195019502,98.00994385,0.271464189,4.883381876,22.14171223,494.1609904,1.962883655,91.72019986,2.490556745,15.29443966,6.815765297,44.92486311,1.743375174,92.25941423,2.184218968,14.42571528,7.276980983,51.39788645,2.386889918,91.94869968,2.890691129,16.80642019,6.174799238,36.37795633,1.744393022,92.98682805,2.118839445,14.41873554,7.304547552,51.66705413,0.112319101,98.19233446,0.172925529,3.717710324,28.98791022,852.4993078,793918,3.554347438,1.324,4.451231014,0.161546199,110722.0483,1.229382249,0.605246814,7.040085226,47.01362721,12.426,8.811029181,14,22.448,5.376831166,606,93.49181518,3.922,0.525752506,0.235179277,0.23147406,0.141103444,0.02024404,0.999997861,0.26224283,0.081009901,0.016513201,0.044975248,0.036752475,0.341224214,1570453,0.279432049,0.061,0.581863129,4.09945393,7021.987501,2.947559225,8.003649366,286584,0.398100707,0.051,0.747706568,6.534206494,12482.92606,2.042444231,2.846711131,21,96.389,643.6848942,2.88852381,4.589952381,2.999,0.340798712,10.33356381,26.60324134,0,6.6666507,389696,0.1019077,0.046,0.180279685,2.567922892,916.5828982,5.838567792,54.96301262,18521,0.232457157,0.095,0.311772465,2.569398136,416.1810917,2.738770253,13.03908714,24223,0.140612311,0.082,0.157909315,6.267430044,-0.117605369,2.547767614,11.31876471,-11770934.37,4907852.191,"EPSG:3857",125,7050,8,182,6,112,191,2869,25
"4",1399865,610644,69.62739286,8.846641752,8619.332286,19550,3.201538048,0.343406138,0.374,0.121738866,7.880122473,-0.161752121,-0.731632211,-0.431721689,55630,9.110054303,0.741527935,0.734,0.143402942,12.47080963,-0.189247035,0.113904334,-1.199772876,53035,8.685093115,1.248834298,1.248,0.143983383,14.01874286,-0.170903979,0.0165347,-1.195622951,51626,8.454353109,1.749643106,1.749,0.143978509,13.09541775,7118.588688,0.011855021,-1.191571368,430803,70.54896142,6.097959666,5.147,3.4609051,7.276627849,11364.50312,0.957207321,0.255617582,75180,12.31159235,0.637999322,0.646,0.222642579,11.27703557,-0.182097187,-0.416964954,-0.457940487,194328,31.82345196,1.946582129,1.927,0.566096424,13.02052028,10870.90743,0.107229141,-1.137786167,251877,41.24776466,5.423423215,5.151,1.697812522,9.748115404,11621.64669,0.402906272,-1.003988308,89259,14.61719103,11.64327787,11.167,2.08689965,-4.831294962,2505.181899,0.998451165,0.651438184,21.349,4.636978516,3.692753971,1.069136542,3.517925683,39.27280052,70.54896142,0.594,0.863,1.153,1.442,1.736,2.033,2.337,2.685,3.07,3.499,3.992,4.547,5.184,5.909,6.76,7.732,8.901,10.267,12.114,31.67448083,57.5765218,72.97930215,83.55733219,91.23432185,96.25280237,98.78488741,99.7440403,99.96495497,0.546775141,3.318882178,72.33627273,0.410161362,98.35163185,0.505849733,7.052814737,15.35385501,235.276923,2.581329562,87.48231966,3.374123055,17.46357609,5.870247054,32.87411375,1.74688057,91.72905526,2.292153298,14.45783884,7.221973492,50.80900947,1.525904897,91.98012775,2.05507807,13.54230646,7.728975133,58.60063444,1.415929204,92.46017699,1.890637168,13.04918758,8.052959557,63.70802154,0.342072085,98.70031148,0.414237151,6.438840909,16.86916798,284.0208329,690174,2.050111366,0.079,3.766833566,1.527541124,1843.16004,1.95603605,2.937815009,13.54963948,82.70517373,13.20030303,7.886389339,33,20.15,4.033982605,663,201.4274208,7.0795,0.161028013,0.059561475,0.079771279,0.045900426,0,1,0.304005648,0.095785822,0.000835596,0.005108597,0.008419306,0.257246377,1410369,0.099993335,0.035,0.262014079,-0.069472846,78.24408553,6.909592051,54.7637065,6331,0.419237719,0.038,0.824080684,0.245250701,-0.108257167,1.942136934,2.133544139,5,12.999,79.34414456,2.847,2.5998,2.999,0.292843815,6.272398544,13.27751984,0,4.597065571,605601,0.052840659,0.023,0.106554675,0.857440755,-12.84543115,10.12835804,158.1242814,22491,0.076121515,0.03,0.107682085,-1.517178065,-0.108895118,2.857663118,13.74708572,10436,0.069808452,0.045,0.113397376,8.183305038,-0.128994706,7.56272525,73.96940981,-11779467.48,4911080.097,"EPSG:3857",145,7050,8,182,8,112,216,2897,10
"5",1484086,37300,97.54828821,8.654149605,-0.08978361,14885,39.90616622,0.272955257,0.259,0.112852136,8.010858681,-0.116460923,0.235105379,-0.737970344,11635,31.19302949,0.665423206,0.65,0.109541772,16.52249113,-0.173313261,0.683458244,-0.152054336,1974,5.292225201,1.258479737,1.261,0.141568548,12.72034944,-0.146883024,-0.061182744,-1.160639954,1827,4.898123324,1.754336617,1.76,0.145733158,14.72959054,-0.133042896,-0.061736174,-1.21697865,6978,18.7077748,3.189231872,3.068,0.856336932,-5.834719526,0.133893251,0.598204579,-0.373366026,26520,71.09919571,0.44514095,0.442,0.224372528,11.7451288,-0.141403493,0.194285307,-1.053619312,7122,19.09383378,1.939618787,1.938,0.55246949,9.266015395,-0.084709999,0.095382576,-1.107779046,3657,9.804289544,3.863797375,3.788,0.609054596,-14.95387006,0.274704746,0.826617291,0.35509566,0,0,NA,0,0,NA,NA,NA,NA,5.863,1.065657105,1.147921509,1.665897777,4.94102666,28.30563003,18.7077748,0.151,0.19,0.224,0.26,0.298,0.349,0.437,0.502,0.556,0.592,0.641,0.699,0.76,0.892,1.373,1.874,2.342,2.9681,3.774,49.17689957,72.78138238,78.82192075,85.02868787,89.70722291,93.51975977,96.98107137,99.10987184,99.68899137,0.536783659,3.147179206,76.32786364,0.178716421,99.07376778,0.239266146,4.679425301,23.0883489,538.0268723,4.7485051,94.54801266,5.28831516,23.3965732,4.245942336,16.05394453,4.344729345,92.12962963,5.097945157,22.4255271,4.436631799,17.80561554,2.300070771,92.07360226,2.983708422,16.53734996,6.229933119,37.33643449,1.021846371,88.47780127,1.780993658,11.21002244,9.205247304,85.76158582,0.029959716,99.43353091,0.059265342,1.951705633,53.74811743,3014.422975,471545,0.078969695,0.018,0.325277575,12.38762301,408.6276828,9.773384687,108.7065488,0.23293207,1.456946058,5.204333333,3.683319549,3,5.863,0.590844593,647,18.7644204,2.086,0.010207859,0.009075578,0.003767336,0,0,1,0.476807953,0.077621329,0.000411128,0.000366306,0,0.031886917,1460822,0.055272155,0.018,0.143799961,12.52032449,927.0117249,10.19972679,148.3251349,3238,0.352847437,0.055,0.651375404,8.682981023,-0.128535166,2.33646789,4.433046891,2,7.88,49.2879101,2.8875,3.94,2.989,0.143542677,8.266090203,16.53218041,0,9.544858808,710171,0.037861424,0.014,0.079754969,13.39454415,1078.28233,6.448805807,88.29195293,15992,0.044384817,0.011,0.107444859,11.77294712,-0.134887039,7.161868255,98.94584565,23058,0.12504892,0.073,0.142277194,11.95323431,8359.230156,2.11761917,4.926925649,-11779980.46,4911586.945,"EPSG:3857",135,7050,8,182,6,112,249,2950,13
"6",1366350,270303,83.48440384,9.92504869,10487.06401,12741,4.713599183,0.335289852,0.353,0.121346665,0.161052405,-0.063350417,-0.614696268,-0.398278652,24929,9.222613142,0.70438369,0.672,0.145985259,4.745530591,515.3468945,0.427812696,-1.087980953,18778,6.947018716,1.250990681,1.247,0.144425027,4.059056054,1231.665149,0.017054962,-1.192173922,13586,5.026211326,1.730351612,1.722,0.145413665,7.657500713,10782.30754,0.154061599,-1.188042402,200234,74.0776092,7.551476088,6.273,4.496524816,11.89505714,13245.6124,1.110213733,0.634144683,37670,13.93621232,0.579546297,0.575,0.222658036,3.194937637,341.0213853,-0.135841372,-0.544869118,55060,20.36973323,1.885912586,1.797,0.589725924,8.059321621,6441.212583,0.277864375,-1.199449511,118538,43.85374931,5.619750645,5.437,1.643484085,13.61547005,13853.93066,0.286738041,-0.993447944,59000,21.82735671,13.37406058,12.444,3.458423897,8.548369394,13982.51177,0.71418999,-0.498265927,23.848,5.848597433,4.83006376,1.101548105,3.731922476,40.31179824,74.0776092,0.51,0.712,1.077,1.4394,1.891,2.49,3.079,3.639,4.217,4.754,5.296,5.886,6.574,7.364,8.315,9.44,10.87,12.972,16.17,29.09567206,50.15225684,68.7357317,80.4049329,87.91306375,92.28577666,95.74087846,98.0744967,99.67032601,0.54197068,3.294886223,75.41900758,0.164630931,98.67652166,0.228424259,4.491431579,24.05692207,584.4376744,1.924447612,87.70491803,2.57033856,15.14782616,6.862752725,45.68741018,1.650520273,90.56332975,2.183649085,14.05748659,7.446055386,54.11412026,0.81589216,93.04717985,1.240975523,9.99233841,10.53224324,111.5160062,0.779588944,93.97590361,1.087558469,9.73224434,10.9327506,119.2772121,0.109803049,99.02196524,0.153789734,3.669238756,29.48788125,879.0211956,622023,1.761664885,0.073,3.988760513,0.638301314,2780.530469,2.689559579,6.93292056,7.123525052,43.41555363,14.061625,8.623069991,16,22.714,5.206059788,664,97.5146988,7.36075,0.151097321,0.048446587,0.067375905,0.054070369,0,1,0.329468606,0.081439759,0.00090512,0.003368976,0.008743976,0.133922724,1385895,0.112797508,0.045,0.246001829,0.380539787,33.27382196,6.69356283,56.73996001,36387,0.242891445,0.063,0.423175752,0.59628876,-0.109563626,2.672633005,7.871630449,7,15.247,92.92547459,2.446428571,2.178142857,2.978,0.546982284,7.751672186,16.05675795,0,5.338251747,559057,0.064495679,0.029,0.091897828,1.350196063,91.82901833,3.152308896,22.43519985,20654,0.090122882,0.037,0.118516458,-3.826108319,-0.082253557,2.25534165,7.289747858,16027,0.104999626,0.057,0.114403485,8.556670029,3206.944698,1.54337795,1.750849679,-11780420.75,4911314.532,"EPSG:3857",125,7050,5,121,3,122,206,2835,15
"7",1466379,632880,69.85221928,6.973475301,1173.515221,31246,4.937112881,0.349527876,0.404,0.133408149,4.553817254,82.14483378,-0.920190765,-0.394068973,64959,10.2640311,0.716737034,0.7,0.14055715,5.998104018,395.5097982,0.31127549,-1.074904851,35344,5.584628998,1.235783924,1.23,0.143280345,7.552994132,2035.83249,0.107714679,-1.180512779,24487,3.869137909,1.744333769,1.743,0.146182102,9.964773714,-0.16491405,0.035734684,-1.219114168,476836,75.34382505,8.074724125,7.515,4.022105838,7.068521977,1347.392541,0.476954902,-0.637170123,96205,15.20114398,0.597472782,0.596,0.220660993,5.529020455,293.7333658,-0.321841742,-0.303780051,103995,16.43202503,1.887988384,1.835,0.592170969,8.64370826,691.8179925,0.22382715,-1.213768647,249243,39.38234736,5.903272569,5.842,1.701229461,6.459120504,2051.916355,0.083236045,-1.163153782,183429,28.98321957,12.37001501,11.872,2.394633533,7.483512267,714.523303,0.640597976,-0.396022386,20.766,6.311133343,4.663682525,0.51759604,2.289886622,45.37842877,75.34382505,0.503,0.697,0.986,1.416,2.047,2.759,3.526,4.225,4.928,5.662,6.369,7.151,7.974,8.805,9.776,10.7392,11.756,13.1651,14.974,25.21366914,39.52069221,54.04782333,66.85659479,78.12492593,87.85250075,93.87284296,98.45545143,99.72822266,0.549029033,3.378060645,71.77362121,0.323914156,98.07114067,0.413005949,6.273583618,17.27258675,298.59031,2.84910306,91.87478016,3.399690468,18.30931341,5.61761123,29.7393909,3.297491039,92.29390681,3.883476703,19.64757635,5.188478929,25.06101065,2.287694974,92.6169844,2.813663778,16.47106499,6.30125391,38.02826829,3.615303615,91.47069147,4.249269919,20.53271885,4.93129387,22.4403056,0.186657707,98.33361332,0.252348481,4.772360676,22.71396138,519.0489071,788798,3.652039758,0.325,4.956716862,-2.110986246,1299.952468,1.159180069,0.060028188,13.36907978,87.40360239,13.71888462,8.502678159,26,18.968,3.358455851,619,169.9811955,6.583,0.485412701,0.124993587,0.23728966,0.186430925,0.008590456,0.999999337,0.367549611,0.087300485,0.004765751,0.022318255,0.03985622,0.35709527,1549765,0.153916304,0.062,0.28821443,-7.615270192,679.8647936,5.043254098,33.40467806,28918,0.521804309,0.162,0.740927304,-2.234880308,3643.698025,1.753443851,2.099408306,15,41.632,272.1792999,2.549066667,2.775466667,2.999,0.533918596,11.46808329,26.82483029,0,7.142693955,621127,0.107715496,0.045,0.172037122,-7.107652557,421.989477,4.01300179,28.02631381,23271,0.204609471,0.061,0.321000118,-6.437657756,-0.057176465,2.727027086,10.40423272,35544,0.174823543,0.097,0.183621498,3.332883082,3325.959156,1.385331571,1.38142287,-11780911.59,4912109.601,"EPSG:3857",145,7050,8,182,8,112,253,2873,13
"8",1381367,2868218,32.50592705,0.290746674,343.1257474,51201,1.785115357,0.314844417,0.333,0.124020904,-3.233574696,-0.114813333,-0.422278977,-0.766306208,195056,6.800598839,0.769588431,0.776,0.137984881,-5.589606799,-0.092564668,-0.120707152,-1.09543737,225998,7.879387132,1.259212024,1.266,0.146209571,-3.651206166,-0.090403059,-0.074798731,-1.233219406,257218,8.967867854,1.762784871,1.774,0.147456404,-4.395616515,449.563199,-0.125388193,-1.234071989,2138742,74.56692622,5.882554203,4.585,3.529667069,1.891588347,406.1116595,0.875734041,-0.281806648,246257,8.585714196,0.675039451,0.716,0.228769053,-5.099747831,-0.097190542,-0.721933976,-0.201710302,1027092,35.80941198,2.017119219,2.044,0.544161917,-2.869751405,295.2041179,-0.079019301,-1.048605032,1127915,39.32459109,5.221233139,4.788,1.795169578,3.575423326,426.0330694,0.561222093,-0.959265035,466951,16.28017815,11.4752746,11.018,1.773224174,2.151291192,429.2795207,0.892549321,0.381035908,19.363,4.701699218,3.665829861,1.048823496,3.158636816,36.53080066,74.56692622,0.765,1.095,1.417,1.713,1.981,2.189,2.441,2.714,3.04,3.308,3.668,4.181,4.931,5.822,6.88,8.161,9.329,10.65,12.129,24.08711484,57.17477845,69.91755148,78.43389649,86.13548361,93.66208379,97.68423834,99.51436678,99.95666293,0.574489154,3.530042487,54.57926515,1.268811624,96.07247881,1.497106815,12.32544179,8.6555032,73.20049722,4.235792446,87.57500882,5.115365337,22.13485575,4.495764153,18.35637116,2.625975869,90.24130589,3.26387154,17.60607241,5.84630603,32.47348274,2.269503546,91.09929078,2.830241135,16.40323068,6.325923174,38.35385565,1.674808095,91.31193301,2.164720865,14.15409992,7.405750898,53.42785764,1.230853006,96.26847805,1.444239307,12.14036834,8.799242674,75.68552198,1498425,4.668712088,3.441,4.427602528,-3.433252922,557.3717272,0.668527109,-0.711711639,24.79081082,174.4782728,14.42314286,9.300295212,42,18.778,2.561689358,575,295.5967304,4.1235,1.025700758,0.432114431,0.530005502,0.263543798,0.061663639,0.999990775,0.310880184,0.07074087,0.031692174,0.090217391,0.086533913,0.754617414,2283896,0.782494599,0.137,0.96963464,-10.54812379,132.7283892,0.887740817,-0.79540018,431084,1.2443276,1.485,1.093229258,-9.05082471,244.3931326,0.031896223,-1.678294673,35,149.007,1048.714549,2.913457143,4.257342857,2.999,0.197462631,10.65226049,25.2682351,0,6.431885744,507704,0.273771769,0.039,0.536637455,-12.85057955,10.06164045,2.576471522,6.391930996,16230,0.231348737,0.035,0.50546346,-12.80313906,-0.056141113,3.282336118,10.88511912,24860,0.736058286,0.634,0.710026205,-4.765018073,-0.080917097,0.700385223,-0.415212579,-11779704.87,4912532.593,"EPSG:3857",135,7050,8,182,6,112,189,3075,19
"9",1314848,245732,84.25380307,1.068913877,117763.2917,23811,9.689824687,0.277507581,0.272,0.13466103,-20.60980063,-0.030485518,-0.003808039,-1.158026532,25153,10.23594811,0.719503479,0.7,0.149083287,1.923835805,-0.12089542,0.264932317,-1.188854974,17102,6.959614539,1.242462987,1.242,0.147484915,11.10693644,-0.166189713,0.050832228,-1.23407942,15093,6.142057201,1.746183463,1.747,0.145438169,12.25987895,-0.155334176,0.013616015,-1.221481091,164573,66.97255547,6.846625655,5.951,3.766695564,2.005352553,175838.1881,0.826129317,-0.108697304,48964,19.92577279,0.504562617,0.508,0.262754221,-9.03418268,-0.076929442,0.066741564,-1.022177404,56415,22.95793792,1.915372897,1.867,0.581607487,10.53666558,5648.718402,0.190622466,-1.17114099,96838,39.40797291,5.561922912,5.392,1.675765868,3.685874859,62871.36093,0.301785055,-1.041386347,43515,17.70831638,12.12713363,11.722,2.295675615,-5.661097838,517780.1598,0.689638048,-0.303394569,19.384,4.879620387,4.177037267,0.941326117,3.107331754,40.97838295,66.97255547,0.278,0.509,0.71,1.005,1.359,1.75,2.187,2.703,3.225,3.796,4.36,5.011,5.743,6.467,7.368,8.429,9.709,11.28,13.423,32.30931384,50.70015586,65.49153342,76.90889631,84.93800131,90.9531154,95.29688969,98.23139938,99.632525,0.53273978,3.260051018,75.57761364,0.242233649,98.5555225,0.316077302,5.434377421,19.92983166,399.0023725,5.225988701,89.40677966,6.057362288,24.45799249,3.997681084,14.05086999,3.6305957,85.5128657,4.610888262,20.56321042,4.878271391,22.05169066,3.071428571,90.75,3.704464286,18.98800795,5.382083661,27.16509725,2.779757662,89.87883108,3.461646472,18.09898279,5.66433516,30.37596532,0.071168168,99.01512438,0.110447166,2.963823123,36.32124992,1342.058407,531316,1.739412077,0.057,3.552323488,0.422926526,48941.19387,2.301089888,4.616008593,8.007104648,53.55975685,10.2122381,7.123698108,21,19.384,4.0724989,605,140.4695207,5.333,0.250463763,0.106569311,0.135702691,0.05367528,0,1,0.293598937,0.061752066,0.002342149,0.009755372,0.009973554,0.178307589,1320503,0.087611921,0.022,0.248066056,1.782000997,206.2111137,6.94982789,57.86781751,31224,0.286489271,0.025,0.631679712,2.884280767,10206.15598,2.599804085,5.955154542,15,31.691,211.9820246,2.767266667,2.112733333,2.999,0.419902109,10.63270904,26.18563213,0,7.085920297,582899,0.045868833,0.015,0.098829449,3.365833741,-0.094352873,7.294943311,97.97938937,16224,0.115916913,0.017,0.258540565,2.453911196,-0.096828576,4.074801121,21.62016101,13767,0.067358974,0.033,0.076213877,6.087957956,-0.091181882,1.796257072,3.816782994,-11780741.67,4911889.936,"EPSG:3857",135,7050,5,121,3,122,236,2886,13
"10",1346579,2660955,33.60118716,-2.844944315,11367.70606,96908,3.641850388,0.325867937,0.359,0.137366225,-15.61977886,-0.008073003,-0.790102922,-0.368941729,205636,7.727902201,0.730286078,0.72,0.142291137,-16.6917131,0.006066359,0.179445887,-1.142219541,132022,4.96145181,1.245551787,1.243,0.146817417,-5.392381422,-0.053115713,0.032035629,-1.236172696,139715,5.25055854,1.751665197,1.754,0.142821473,-1.993880148,-0.056631288,-0.025282198,-1.19407541,2086519,78.41241209,6.52922224,5.926,3.235968753,-0.78362478,14497.33684,0.761078316,-0.074298265,302544,11.36975259,0.600746728,0.612,0.235400259,-16.34836138,0.001537374,-0.392200043,-0.438085832,545924,20.51609291,2.013279949,2.005,0.582922632,-3.500690851,11754.89923,-0.018235798,-1.211602437,1367719,51.39955392,5.712206996,5.566,1.683799292,-1.035365609,14581.39114,0.232959481,-1.0988985,444613,16.70877561,11.51727124,11.227,1.871617611,1.578146457,8745.642906,0.70397139,-0.200260006,18.305,5.341793724,3.659444761,0.66737041,2.787337763,44.3336321,78.41241209,0.575,0.889,1.365,1.851,2.361,2.831,3.338,3.827,4.301,4.736,5.27,5.838,6.384,6.997,7.758,8.461,9.352,10.668,12.37,19.76624315,38.2790658,56.95541076,72.10281573,84.14089151,90.86548815,96.01777511,98.80900436,99.8249398,0.584855957,3.553609444,56.64213636,1.005250161,96.22167536,1.202744158,10.98865136,9.756984217,93.5992725,2.76203966,91.78470255,3.261540368,18.03308648,5.722737384,30.90377931,3.167420814,90.46293073,3.799091542,19.26581186,5.298949582,26.24769507,4.665242165,88.71082621,5.423037749,23.17817477,4.273477219,16.33579783,5.107913669,87.55395683,5.922820144,24.19128568,4.054467605,14.50287762,0.889879743,96.38238378,1.071150278,10.34637327,10.38563289,106.3341966,1687992,5.152113323,4.612,4.160855342,-2.898183526,9765.443559,0.539920482,-0.612686283,25.11862096,204.9427611,14.9135,11.92742455,28,17.855,2.315720406,496,228.4517742,4.117,1.553166024,0.735429869,0.84727562,0.23250536,0.096666591,0.999973493,0.278198448,0.085842742,0.054084677,0.183985887,0.11353629,0.764160659,1967426,0.541784771,0.084,0.82794491,-5.05151889,3242.11704,1.610731449,1.283844299,357266,0.866456282,0.397,0.987578904,-9.663525122,7653.900426,0.849078454,-0.777940008,43,175.595,1432.679134,2.917627907,4.083604651,2.999,0.216410217,11.91898873,28.08890181,0,6.791154444,487938,0.185490361,0.035,0.434775604,0.304975592,-0.112724964,3.683266296,14.08825814,17089,0.484801919,0.088,0.729713221,-1.622869909,-0.093220691,1.508200838,0.92160436,34172,0.217837586,0.074,0.375934071,2.020150816,-0.087044629,3.319677108,13.06675613,-11779935.04,4912626.474,"EPSG:3857",125,7050,5,121,3,122,298,3082,21
"11",1340420,421559,76.07468647,6.962958257,3389.56109,11904,2.823804023,0.327831065,0.355,0.124413363,0.06608981,-0.070607544,-0.562479002,-0.734008204,31053,7.366228689,0.751457508,0.752,0.142538484,6.896680335,1324.085704,0.004592332,-1.19390573,29408,6.976010475,1.253685732,1.254,0.143078073,8.486122084,2446.889269,-0.020441285,-1.181049109,29294,6.948967997,1.74768625,1.746,0.14315942,9.037242438,2280.945527,0.02518711,-1.179923621,319898,75.88451439,6.017470819,4.976,3.461172387,6.896099555,3904.394066,1.178345476,0.830585532,42957,10.19003271,0.634064553,0.655,0.234364015,5.003825862,957.1430232,-0.454238962,-0.592362475,118521,28.11492579,2.005701876,2.011,0.575524841,8.117371986,2645.395707,-0.019472665,-1.213366011,200520,47.56629558,5.28745185,4.98,1.622633309,7.32187112,5395.773573,0.538310624,-0.790953886,59559,14.12827149,12.00631901,11.457,2.307667129,4.870543018,-129.4761591,0.766414415,-0.281110993,19.19,4.839843301,3.676374241,1.156782756,3.938661817,39.18882054,75.88451439,0.649,0.987,1.348,1.701,2.072,2.4154,2.761,3.141,3.512,3.899,4.295,4.749,5.306,5.879,6.641,7.582,8.747,10.308,12.478,23.01900578,49.25087058,69.08761825,80.48586665,87.88132538,93.07280646,96.33453207,98.45856778,99.6444126,0.540378941,3.281247179,74.56038636,0.213080945,98.88196685,0.271996029,5.094778304,21.3001642,455.4931812,1.027639972,95.5350815,1.327434444,11.14139886,9.540153425,90.02076091,1.109917651,94.59362692,1.472581454,11.58044326,9.139482676,82.61869245,1.486199575,94.40905874,1.884345364,13.35640613,7.883697753,60.81005514,1.058201058,94.67372134,1.38956261,11.30770305,9.380930193,87.06923073,0.172245832,99.04605929,0.218581701,4.579442736,23.74217453,565.8916356,610578,1.99103138,0.07,3.685064497,3.811324808,1586.736392,2.049282597,3.497884224,10.57525558,71.09070934,10.20333333,7.441827256,27,18.988,4.111472523,602,181.5036877,4.58675,0.29305805,0.112480995,0.161048355,0.069939694,0,1,0.310567524,0.074388704,0.003154485,0.012667774,0.013240864,0.276311279,1362761,0.119251502,0.037,0.365580414,2.978212061,96.05667546,5.97504817,36.64242392,48044,0.34225818,0.042,0.762278231,-3.044984154,-0.084374029,2.509725711,4.685893099,17,38.378,257.9908564,2.826235294,2.257529412,2.999,0.3271992,10.74567657,25.80766779,0,6.59404979,557547,0.048597887,0.027,0.083980663,4.521333144,73.61591307,14.99867707,390.9097811,14603,0.064685407,0.023,0.186563569,3.372486817,-0.134938899,10.10263272,119.6726942,20177,0.072643852,0.051,0.064781415,8.037777232,-0.125130962,1.277108209,1.026433038,-11779561.57,4912336.615,"EPSG:3857",125,7050,5,121,3,122,139,3031,21
"12",1456991,2718000,34.89806325,3.956294044,-41.67037431,97544,3.588815305,0.332369218,0.346,0.112112527,2.848065308,-0.146000418,-0.505815475,-0.444884984,319395,11.75110375,0.796570604,0.821,0.14003505,5.834659447,-0.157844512,-0.431261185,-0.974146697,340299,12.52019868,1.226917852,1.216,0.140885344,8.092937923,-0.150452651,0.189111858,-1.081125105,200009,7.358682855,1.729092416,1.716,0.145695059,6.534444668,-0.117466451,0.184722083,-1.204834987,1760734,64.78050037,7.444750333,6.124,4.361389866,2.584634506,-64.24634602,0.727654339,-0.494010581,416939,15.33991906,0.687969442,0.749,0.237868251,5.135937719,-0.155073555,-0.657966693,-0.60237896,808031,29.72888153,1.763913711,1.629,0.572767248,7.375395305,721.8686061,0.509094732,-0.972316515,915387,33.67869757,5.482437815,5.226,1.667202764,3.975543098,-3781.817731,0.413731,-0.946640933,577624,21.2518028,12.85910684,12.535,2.581532162,-1.708530524,4787.43812,0.548400594,-0.462419628,21.057,5.209131452,4.64599487,1.03343693,3.07048697,38.2486755,64.78050037,0.595,0.84,0.99,1.164,1.353,1.617,1.981,2.454,2.992,3.62,4.242,4.992,5.631,6.688,7.969,9.389,11.128,12.726,14.741,36.4221959,54.79348634,68.56040147,76.87602558,83.42747187,89.70242607,94.99742456,98.03898483,99.70349304,0.575805495,3.564845983,52.53916667,1.524063215,94.92008724,1.803728904,13.48779855,7.865844822,60.10928787,3.160511364,95.06392045,3.590859375,19.25049882,5.331945993,26.50687381,3.252885624,91.25568381,3.933420776,19.5234181,5.20911658,25.33906035,3.554923569,87.98435834,4.374137931,20.36453964,4.952039379,22.73041734,3.489208633,87.55395683,4.313758993,20.17849535,5.004971305,23.25897825,1.43789978,95.1033297,1.698423549,13.10605495,8.112513276,64.04779293,1559470,5.643252742,4.376,5.305431344,-2.983838864,141.6968934,0.657726795,-0.741193066,27.77296047,225.6894718,15.23979245,9.031377645,53,20.986,3.595605782,498,430.6899197,5.11,1.405379856,0.471935301,0.600599182,0.507264957,0.08811602,0.999984914,0.3381232,0.101106426,0.03852008,0.086544177,0.145477912,0.805042017,2173286,0.523086863,0.108,0.72085112,-4.428766914,338.0982659,1.524886545,1.453997184,354971,0.761541813,0.362,0.843416315,-7.012438899,1035.24335,0.900383154,-0.335761793,34,100.658,817.9700856,2.634647059,2.960529412,2.999,0.464931007,11.69794826,28.14785677,0,6.755661921,489983,0.197064133,0.043,0.362492991,-5.575950067,-0.116838269,2.555519743,6.795491171,17344,0.299112027,0.085,0.388093419,-4.855512517,-0.105290667,1.512922424,2.299129011,36321,0.462412599,0.162,0.53151864,6.789458534,-0.163722073,1.021105316,0.231144098,-11780680.4,4912890.469,"EPSG:3857",145,7050,8,182,8,112,290,2941,12
"13",1377534,2923580,32.02737709,-3.69142209,1446.875752,138417,4.734503588,0.316725901,0.331,0.13077748,-4.808453632,148.4595073,-0.526233424,-0.673719911,199172,6.812606462,0.722532454,0.704,0.14650809,2.470189834,-0.138894562,0.249604783,-1.184486553,133467,4.565190622,1.243741914,1.243,0.145987751,6.017163533,-0.170825362,0.03670036,-1.228907692,117576,4.021644696,1.750395906,1.751,0.143862242,4.855451982,-1377.228254,-0.017157975,-1.187983045,2334842,79.86242894,8.615491312,8.3425,4.310477694,-5.136179191,1872.283929,0.231407171,-0.966232884,337589,11.54711005,0.556145144,0.555,0.243951979,-0.514172787,60.78887556,-0.113254085,-0.781436696,477958,16.34838109,1.964851485,1.947,0.585742583,5.591008957,-338.9111229,0.063895463,-1.225841295,1028201,35.16924456,5.704761157,5.56,1.725113471,-1.216588146,2114.524349,0.202688322,-1.154749243,1079726,36.93163861,12.67252655,12.746,2.222609545,-11.15056951,2035.113164,0.80147692,1.195182518,24.286,7.071933212,4.933948051,0.326631441,1.964164779,46.18077836,79.86242894,0.514,0.86,1.373,1.982,2.627,3.263,3.948,4.672,5.479,6.357,7.297,8.33,9.465,10.47,11.567,12.592,13.052,13.516,14.926,23.4367138,41.21919375,54.93520891,66.07794907,77.36325938,94.05611066,98.29548622,99.64056449,99.93942137,0.591122814,3.627210799,52.90896212,0.603242048,95.19047249,0.826147801,8.560912485,12.51774548,156.5525366,3.456878118,90.52031361,4.114996436,20.09417172,5.050470977,23.65440687,3.475456826,90.61268363,4.157488355,20.14841809,5.030524817,23.4677793,4.349376114,89.51871658,5.109144385,22.42128138,4.442476558,17.83468725,3.334503335,89.46998947,4.036837487,19.74842008,5.143815512,24.64063147,0.456462462,95.36315616,0.658947683,7.464503047,14.35754711,207.1634775,2030642,6.744016677,6.199,5.230165154,-4.791763622,1852.799977,0.333979174,-0.994215565,44.41786407,335.9869083,17.42252381,11.66462241,42,24.286,3.390797908,535,317.6974206,4.859,1.301087178,0.57396641,0.550519157,0.364296954,0.079198172,0.999984087,0.258518556,0.080983178,0.051003738,0.163829907,0.197134579,0.74526387,1925846,0.472496361,0.135,0.724922509,2.342327552,-108.2041801,1.945971421,2.809772282,180035,1.121436776,0.917,1.022992414,1.404696276,-0.13275605,0.353093829,-1.395278006,34,173.555,1312.809814,2.864705882,5.104558824,2.999,0.283272171,10.83614388,27.0239605,0,6.53931478,612503,0.227669887,0.058,0.396890053,2.774864979,-16.89004127,3.343535058,13.96900231,21987,0.300551462,0.08,0.486885631,7.353052816,-0.139119851,2.675026624,8.257000514,43401,0.333530656,0.22,0.402081926,3.125993943,-0.100958395,2.746258311,10.84534187,-11780792.66,4913548.465,"EPSG:3857",157,7050,8,183,17,0,178,2917,7
"14",1421854,2878685,33.06222778,-12.67481415,8813.425219,97609,3.390749596,0.306062105,0.316,0.125717564,-7.598409505,-0.109971369,-0.30901367,-0.918410363,225044,7.817597271,0.749111756,0.748,0.143726391,-13.58469236,-0.080427432,0.033095482,-1.220327872,203547,7.070832689,1.246824208,1.245,0.145243421,-16.91892676,-0.068070666,0.04853282,-1.19812582,231824,8.053121477,1.753616485,1.761,0.14208883,-18.99181848,565.3255101,-0.058165463,-1.182129642,2120650,73.66731685,6.535797868,5.112,4.170955102,-11.71401902,11902.04025,1.249403629,0.761802779,322653,11.20834687,0.615080356,0.637,0.246186027,-11.7737218,-0.089365065,-0.402390606,-0.759643225,841283,29.22455913,1.985513514,1.965,0.565486215,-16.38064204,39.65971115,0.035329917,-1.137154542,1263825,43.90285842,5.374754475,5.054,1.605903286,-13.45881979,18193.86278,0.558287854,-0.644219202,450913,15.66385346,13.43347746,13.083,2.900230433,-4.208221868,5198.076219,0.320402206,-0.913314887,24.159,5.113068983,4.307020564,1.328477247,4.215035088,36.81795681,73.66731685,0.603,0.922,1.262,1.612,1.913,2.248,2.606,2.963,3.461,3.919,4.443,4.888,5.288,5.967,6.756,7.915,9.289,11.883,14.985,32.48018531,59.19243318,77.32565572,85.79324077,90.35454543,94.25679619,97.61782516,99.7970592,99.98600049,0.574153804,3.52873651,53.86581818,0.705731856,96.58543331,0.881904741,9.233952354,11.64902745,134.6216718,4.675231977,93.82583869,5.262701642,23.22155996,4.278900074,16.35079849,3.149055283,92.54723583,3.794293212,19.22400553,5.303508493,26.33727338,2.202486679,91.04795737,2.847847247,16.18223156,6.391545068,39.34290403,2.208544533,89.17451122,2.842027516,16.18690303,6.403971299,39.41922963,0.589423582,96.79322209,0.744381428,8.445735632,12.7639571,162.068214,1600168,5.043590486,3.52,5.07863184,-10.93847713,5823.648534,1.030363267,0.116069194,15.55722229,124.9165519,16.84144,10.38853943,25,22.116,4.626115767,504,200.7371032,3.348,1.081941197,0.439871294,0.454517249,0.324915524,0.05937049,0.999990092,0.27623058,0.094593254,0.057412698,0.109,0.097452381,0.670024314,2317268,0.694260107,0.169,0.901861666,-13.10972007,550.0322349,1.165479408,-0.074668957,523215,1.008748002,0.708,0.994800471,-20.04834412,1591.428042,0.521613229,-1.213609347,34,126.767,1017.874286,2.692029412,3.728441176,2.999,0.607994741,11.87433396,27.04019575,0,6.842234278,417541,0.203000299,0.038,0.476691518,-5.487685059,-0.085513532,3.978057007,16.34469777,15159,0.35495501,0.06,0.669504313,-5.885755523,-0.085490662,2.492997314,5.381108268,24643,0.225314856,0.167,0.252338856,8.989785588,-0.121945497,4.411735909,31.69240263,-11780591.43,4914030.528,"EPSG:3857",145,7050,8,183,8,0,192,2952,8
"15",1068195,4468055,19.29455859,-5.163031919,1805.632154,132222,2.959274226,0.338560671,0.363,0.122036244,-3.428465558,272.1578571,-0.654953673,-0.468430343,441625,9.884054695,0.762303982,0.762,0.143260802,-6.498655015,226.9955824,-0.051959474,-1.239870103,605449,13.55061654,1.261458336,1.259,0.152823247,-5.499946762,55.21626336,-0.026117706,-1.401598512,451797,10.11171528,1.719357862,1.699,0.153085972,-5.3099972,210.5080385,0.270672387,-1.242650196,2836944,63.4939364,4.574317347,3.877,2.447162223,-4.940702668,2750.457556,1.778400976,5.444912524,573847,12.84332892,0.664667873,0.69,0.225978115,-5.791242428,237.4015726,-0.554343468,-0.399847768,1957801,43.8177462,1.911761449,1.903,0.560620053,-5.47037806,435.8668538,0.109215131,-1.207473828,1757276,39.32977548,5.005022126,4.653,1.522791572,-4.988294342,3532.075147,0.692453494,-0.427802241,179113,4.008746535,11.05211697,10.514,2.278613475,-1.506050904,4864.304346,3.091340187,14.29773942,26.272,3.334571582,2.559712189,1.653852247,7.478466488,38.37262523,63.4939364,0.613,0.874,1.084,1.279,1.461,1.624,1.917,2.194,2.334,2.563,2.862,3.24,3.571,4.046,4.51,5.135,5.89,6.726,8.5023,51.27962264,80.86373968,93.64767876,97.99155602,99.44810203,99.90244036,99.9446513,99.94471844,99.95615523,0.586621922,3.545888616,48.98986364,1.221880909,96.08707185,1.435240825,12.09486579,8.836082332,76.32023194,4.50674237,88.99929028,5.216529454,22.80127286,4.363090817,17.1025452,2.647370279,87.61030709,3.311708436,17.66564142,5.8264053,32.21931883,2.875629044,87.77857656,3.510891445,18.37905079,5.587666405,29.40999368,2.200922968,87.18494853,2.823958111,16.14806853,6.431041804,39.70955662,1.094164148,96.45431295,1.284239386,11.45310421,9.357784919,85.83070447,1698843,3.762144241,3.153,3.216901197,-5.007562549,3051.426015,1.194141713,2.423241287,25.82503324,207.7740814,12.3936,12.64364936,20,26.272,5.987631826,503,160.9089463,2.708,1.602188524,0.9822636,0.809676958,0.066983463,0.092493958,0.999955875,0.144974245,0.094638171,0.100055666,0.207685885,0.039544732,0.878239262,3034709,1.111835803,1.027,0.947168873,-5.257293999,348.100072,0.338447969,-1.269278953,1153629,1.158124935,1.103,0.953418488,-5.979778757,403.2675206,0.250597733,-1.32606862,47,255.477,2055.4281,2.894425532,5.435680851,2.999,0.271034952,10.03622654,28.41841579,0,6.372326185,104825,0.639228648,0.127,0.852357838,-4.561913527,465.8184382,1.206310872,0.135551894,10786,0.902426201,0.596,0.91396647,-3.50846695,0.012383382,0.697724344,-0.861459354,3269,0.159192414,0.07,0.30993418,17.90254534,-0.149724331,4.847876412,24.38385332,-11750246.81,4894536.451,"EPSG:3857",158,7055,10,165,11,0,21,2870,22
"16",1056979,4355121,19.52992369,-5.870620201,588.9971887,177761,4.081654677,0.336286401,0.352,0.107446584,-11.64769404,0.04843126,-0.768946551,0.325361137,412718,9.476613853,0.767857513,0.777,0.136274423,-7.842937194,0.025594613,-0.161931082,-1.014175374,533516,12.25031406,1.25843392,1.247,0.153118892,-10.43166836,318.0045091,0.036144388,-1.332423095,524668,12.04715093,1.736981102,1.719,0.159256489,-7.810469835,2037.815089,0.207701386,-1.325211623,2706432,62.14366949,4.360738935,3.436,2.667387459,-3.915175158,490.0540602,2.01874721,4.31722323,590479,13.55826853,0.637935005,0.678,0.235895262,-8.988341825,0.032469481,-0.410581392,-0.831955008,2089834,47.9856702,1.959437974,1.995,0.550028023,-6.451868587,977.7445892,0.038221538,-1.102196555,1486816,34.13948774,4.735973124,4.245,1.520167817,-3.588109329,350.9470193,0.964601237,-0.053047083,187966,4.315976525,11.96150216,11.518,2.115823071,-7.668026147,0.092154947,0.467409661,-0.811267077,18.182,3.159834975,2.623038713,2.070292004,8.282515271,35.65016908,62.14366949,0.566,0.827,1.064,1.265,1.482,1.636,1.894,2.048,2.227,2.436,2.636,2.903,3.2,3.505,3.883,4.383,5.189,6.387,8.517,33.72942122,72.20921064,86.17662443,92.55141221,95.85237425,97.37874774,98.47518791,99.30795983,99.93189584,0.579349036,3.503220751,49.58165152,0.66743403,97.1425749,0.814757679,8.97577825,12.01631138,143.1447448,3.817068779,91.78970112,4.382052575,21.07240663,4.797965161,21.09106501,2.743580725,90.99542737,3.312782272,17.97675992,5.729745999,31.03594822,2.406227884,90.44585987,2.957491154,16.86982261,6.143176339,36.00616507,1.717352415,91.27012522,2.177059034,14.31754625,7.333413651,52.2382989,0.576206709,97.37707358,0.706988936,8.344722656,12.94842056,166.5539015,1639681,3.509379076,2.75,3.311289531,-5.95400426,388.7558476,1.42742136,2.088822639,7.618793965,63.70291918,11.0697,11.11376945,10,18.077,4.522444055,484,83.61280992,2.414,1.426039477,0.980468818,0.569092646,0.102825413,0.074178808,0.999963302,0.209316346,0.099059917,0.111630165,0.164154959,0.033938017,0.793002915,3459845,1.200822549,1.151,0.963200437,-3.890373629,594.2797273,0.193189411,-1.349057851,1137926,1.391250813,1.469,0.919667068,-6.806673227,623.4090905,-0.080074968,-1.252341901,41,184.485,1542.531941,2.88595122,4.499634146,2.999,0.284550958,10.83237371,27.4544714,0,6.595868142,340143,0.523009796,0.048,0.859225789,5.59000971,128.3841565,1.607149007,1.11247393,19536,0.90096248,0.515,0.938409166,-1.723368221,-0.014942203,0.73948252,-0.846216637,10123,0.182269683,0.061,0.412774291,8.825467291,-0.074907479,4.619592244,23.03901184,-11749507.87,4893682.321,"EPSG:3857",157,7055,10,165,11,0,67,2806,9
"17",1122316,4765263,19.06243636,-1.5243572,-7.511656993,92892,1.949357255,0.364588899,0.404,0.116474229,2.329595405,-0.03897616,-0.873333373,-0.335568057,352455,7.39633888,0.754862448,0.75,0.143360524,2.549491742,-0.041524751,0.00808904,-1.195744497,394565,8.280025677,1.253891108,1.253,0.143435982,3.645458384,-0.054566931,-0.01159236,-1.170368354,383921,8.056659202,1.742293667,1.736,0.143307066,3.367418977,40.13290786,0.083758873,-1.162316047,3541426,74.31753504,6.20054755,5.068,3.6610475,-3.13719206,-14.44703373,1.118931343,0.878699247,445347,9.345696135,0.673457856,0.689,0.210329388,2.503625012,-0.040993157,-0.498456278,-0.308841015,1480180,31.06187423,1.972580417,1.947,0.579401428,2.62543543,-24.33226577,0.085133676,-1.214508229,2077933,43.60584085,5.327594998,4.989,1.712471331,-3.4686322,-124.8418573,0.454111975,-1.00879427,761799,15.98650484,11.98776244,11.357,2.462881572,-6.638853665,340.8410661,1.345058052,2.208915049,26.827,4.915226592,3.846928892,1.175724418,4.029060479,38.37733615,74.31753504,0.709,1.042,1.342,1.64,1.955,2.293,2.645,2.97,3.319,3.696,4.112,4.721,5.367,6.201,7.076,7.953,9.274,10.695,12.721,35.54743521,64.99154925,80.3971999,90.11159522,96.29936092,98.88289364,99.67300826,99.93880709,99.98742985,0.589793364,3.683255278,44.23168182,2.287468816,93.33503913,2.655191241,16.44604622,6.35715529,38.51844142,7.932011331,85.80028329,8.993240085,29.68317139,3.100909251,7.642549451,8.683374515,84.75114719,9.851055418,30.9209888,2.922194181,6.564580709,7.384944702,85.83660364,8.482318944,28.7177119,3.239723026,8.538913688,6.573275862,86.35057471,7.515359195,27.22135543,3.489118999,10.21133174,2.015900584,93.56546453,2.353023712,15.46217169,6.799439653,44.35875444,2041175,5.916583623,5.272,4.575863536,-4.789770479,-15.05468407,0.624348458,-0.197575681,37.39602783,300.27101,17.74,10.44180151,51,26.827,3.337122982,504,409.5036905,4.426,2.106241496,0.856220819,1.056716683,0.513592781,0.124751689,0.999961055,0.236461407,0.075194444,0.064492063,0.226888889,0.180819444,0.950033091,2512452,0.996452254,0.683,0.989243485,0.446721843,-22.52343471,0.559299093,-1.139562749,797326,0.954906338,0.571,1.005712502,0.625099398,19.32147833,0.615193431,-1.11274154,57,276.57,2220.71589,2.917754386,4.852105263,2.999,0.215692761,10.17334719,28.33330337,0,6.299842119,129710,0.596562254,0.054,0.888590278,-0.786322525,-0.027163666,1.297719342,0.199729234,10745,0.869899953,0.543,0.900242399,-2.350416238,-0.006240661,0.701408994,-0.797123724,5954,1.221968089,1.306,1.08092865,6.972592796,-0.068635155,0.158652171,-1.634661556,-11749618.3,4894201.552,"EPSG:3857",157,7055,10,165,11,0,24,2809,11
"18",1089684,4853578,18.33477979,0.578691505,-161.4822584,103264,2.127585052,0.342164433,0.369,0.122759942,-3.572628029,-0.016783246,-0.794807796,-0.211546422,362383,7.4663063,0.767095708,0.781,0.139761231,-9.511745892,0.010078564,-0.180504026,-1.121900397,386803,7.969440277,1.257252648,1.262,0.144777328,-11.47239995,0.038570313,-0.04939125,-1.210952362,442701,9.121126723,1.753757538,1.759,0.144037536,-7.146968259,0.034946553,-0.044596844,-1.198542374,3558420,73.31539742,5.167866843,4.375,2.653252269,3.997875512,-220.2660299,1.088938927,0.749327914,465647,9.593891352,0.672861013,0.708,0.22294965,-8.194660059,0.004121567,-0.640358269,-0.287737875,1641269,33.81565105,2.003066801,1.99,0.566954569,-5.163647568,-118.9715245,0.034333266,-1.134820461,2346275,48.34114132,5.154675662,4.8,1.629192162,6.090719929,-148.9593236,0.595809239,-0.746456655,400380,8.249172054,10.6655726,10.207,1.454734451,2.020636004,-596.9450124,1.750892618,4.154165979,20.34,4.113554115,2.877220432,1.051881535,3.743015016,39.4851592,73.31539742,0.724,1.028,1.35,1.637,1.911,2.184,2.484,2.811,3.111,3.405,3.659,4.088,4.551,5.058,5.729,6.348,7.322,8.448,9.967,27.25426851,59.72057681,78.0040053,88.775046,95.71546305,98.83683557,99.75593223,99.94060042,99.9902752,0.589315376,3.608583036,44.65690909,0.84919985,96.13957416,1.03219619,10.10969626,10.63479195,111.6187145,3.606442577,90.12605042,4.24695028,20.50600713,4.938838916,22.5126711,2.601568068,90.12829651,3.149037776,17.51552174,5.901353649,33.0304944,2.092198582,89.18439716,2.667624113,15.7652458,6.599328091,41.95060368,1.845280341,88.71540099,2.371909155,14.82481563,7.05888468,48.26464193,0.785980166,96.33831199,0.955035218,9.728778724,11.06859488,121.0524683,2011241,4.212981557,3.528,3.387696395,-0.80698334,-3.818007353,0.755443959,-0.047736589,19.93775555,173.1445465,14.60513333,13.24011023,15,20.34,2.809777924,466,130.2637339,2.976,1.662781044,0.993715994,0.834760471,0.134629869,0.092753446,0.999959233,0.205361282,0.097736052,0.114862661,0.254669528,0.084974249,0.856749311,2872654,1.125773813,0.991,0.994816195,-5.752891428,55.48609315,0.339304452,-1.326492339,917596,1.142056157,1.026,1.02416316,-5.045034929,2.816368594,0.30756353,-1.393143135,46,248.941,2161.867038,2.941347826,5.41176087,2.999,0.134608604,10.04732568,27.08091541,0,6.223377289,237386,0.905270597,0.567,0.939045686,-10.5461045,0.040363135,0.623634063,-1.04100281,16462,1.065945936,0.8765,0.952967555,-7.217662942,0.019535267,0.431278693,-1.197157036,5959,1.101454439,1.046,0.884220429,-10.90512433,0.060158319,0.270977422,-1.213076176,-11749530.24,4893493.172,"EPSG:3857",160,7055,10,165,16,0,343,2839,21
"19",959568,4558649,17.38909506,-3.801847023,985.4995089,116871,2.563720085,0.344920511,0.374,0.11870175,-7.833670059,-0.010854715,-0.746316236,-0.360530848,402620,8.832002639,0.766983386,0.779,0.143319154,-8.173033454,0.009756477,-0.179165454,-1.156941016,502427,11.0214013,1.247278558,1.244,0.14209738,-8.832855141,240.4314457,0.038618457,-1.197969313,447588,9.818435243,1.757125689,1.764,0.143229584,-4.373551369,890.018132,-0.092650929,-1.198539724,3089137,67.76430912,4.474963719,3.886,2.218488077,-2.178497526,1286.2437,1.808443473,4.68451262,519491,11.39572272,0.672031,0.707,0.223940169,-8.096686146,0.005119533,-0.576678981,-0.428278122,1806396,39.62568735,1.967222038,1.945,0.582220926,-4.312252185,294.5306665,0.061474579,-1.221390886,2094954,45.95558904,4.84009471,4.411,1.490482787,-2.25486147,1890.494569,0.91971465,-0.027341757,137802,3.022869276,11.201238,10.498,2.126820045,-4.438434689,0.040019738,1.451400316,1.774923388,19.362,3.41900086,2.398251986,1.502834869,6.525348015,41.6443556,67.76430912,0.661,0.929,1.161,1.385,1.641,1.893,2.15,2.419,2.671,2.945,3.194,3.516,3.82,4.104,4.494,5.034,5.591,6.602,8.099,31.0140827,65.90811474,86.56224814,93.99788358,97.78738931,99.04938795,99.57544374,99.84804685,99.92548219,0.583585273,3.540874944,49.50949242,0.571172969,97.21725218,0.704498503,8.308948443,13.00281229,168.0017038,1.928471248,96.59887798,2.225024544,15.14506641,6.947445449,46.45478729,1.126453488,93.67732558,1.585348837,11.68855602,8.994460117,80.37777098,0.741787354,92.26421759,1.159855175,9.531449525,11.0571804,123.1355845,1.056338028,91.1971831,1.47646831,11.29803446,9.365222129,86.92991465,0.542806873,97.33322727,0.665422032,8.098841822,13.35769237,177.297619,1782060,3.510991171,2.961,2.979611848,-2.458470496,519.2056913,1.271428873,2.149877215,28.68775825,273.809948,10.41152174,12.88860365,23,19.362,3.058184367,424,219.523066,2.503,1.788212097,1.14940806,0.826545386,0.10331301,0.095905509,0.999945174,0.200653041,0.087148585,0.138200472,0.23504717,0.040063679,0.878353546,2883319,1.179932329,1.097,0.985385644,-4.891702494,58.83792016,0.267264924,-1.3308348,916016,1.197150922,1.116,0.992531348,-4.93724659,72.95319309,0.258752205,-1.322359624,43,207.198,1977.598706,2.889162791,4.81855814,2.999,0.227068789,9.823706176,25.9139151,0,6.058830556,266376,0.986025002,0.63,1.017194595,-6.67262675,-250.8220988,0.449606923,-1.402523563,15963,1.209866817,1.18,0.961930937,-2.608060062,0.003264604,0.195169832,-1.297233325,5403,0.878334444,0.086,0.981258427,-8.266871493,0.031536951,0.528884641,-1.428439319,-11749662.38,4893712.923,"EPSG:3857",156,7050,10,165,11,0,112,2838,22
